State,District,Mean_NDVI
ANDAMAN & NICOBAR,North  & Middle Andaman,0.83
ANDAMAN & NICOBAR,South Andaman,0.85
ANDHRA PRADESH,Alluri Sitharama Raju,0.61
ANDHRA PRADESH,Anakapalli,0.56
ANDHRA PRADESH,Anantpur,0.36
ANDHRA PRADESH,Annamayya,0.5
ANDHRA PRADESH,Bapatla,0.61
ANDHRA PRADESH,Chittoor,0.53
ANDHRA PRADESH,East Godavari,0.61
ANDHRA PRADESH,Guntur,0.6
ANDHRA PRADESH,Kakinada,0.57
ANDHRA PRADESH,Konaseema,0.6
ANDHRA PRADESH,Krishna,0.58
ANDHRA PRADESH,Kurnool,0.6
ANDHRA PRADESH,Nandyal,0.39
ANDHRA PRADESH,NTR,0.47
ANDHRA PRADESH,Palnadu,0.55
ANDHRA PRADESH,Eluru,0.53
ANDHRA PRADESH,Prakasam,0.56
ANDHRA PRADESH,Sri Potti Sriramulu Nell*,0.5
ANDHRA PRADESH,Srikakulam,0.61
ANDHRA PRADESH,Tirupati,0.38
ANDHRA PRADESH,Visakhapatnam,0.52
ANDHRA PRADESH,Vizianagaram,0.62
ANDHRA PRADESH,West Godavari,0.51
ANDHRA PRADESH,Y.S.R.,0.53
ANDHRA PRADESH,Sri Sathya sai,0.53
ANDHRA PRADESH,Parvathipuram Manyam,0.46
ARUNACHAL PRADESH,Anjaw,0.62
ARUNACHAL PRADESH,Changlang,0.74
ARUNACHAL PRADESH,Upper Dibang Valley,0.57
ARUNACHAL PRADESH,East Kameng,0.62
ARUNACHAL PRADESH,Kurung Kumey,0.71
ARUNACHAL PRADESH,Lohit,0.63
ARUNACHAL PRADESH,Lower Dibang Valley,0.49
ARUNACHAL PRADESH,Papum Pare,0.79
ARUNACHAL PRADESH,Tawang,0.7
ARUNACHAL PRADESH,Tirap,0.67
ARUNACHAL PRADESH,Upper Siang,0.66
ARUNACHAL PRADESH,Upper Subansiri,0.8
ARUNACHAL PRADESH,West Kameng,0.63
ARUNACHAL PRADESH,Lower Siang,0.67
ARUNACHAL PRADESH,Lower Subansiri,0.76
ARUNACHAL PRADESH,Siang,0.72
ARUNACHAL PRADESH,West Siang,0.62
ARUNACHAL PRADESH,Shi Yomi,0.76
ARUNACHAL PRADESH,Lepa Rada,0.45
ARUNACHAL PRADESH,Pakke Kessang,0.74
ARUNACHAL PRADESH,Kra Daadi,0.55
ARUNACHAL PRADESH,Namsai,0.66
ARUNACHAL PRADESH,Kamle,0.62
ARUNACHAL PRADESH,East Siang,0.53
ARUNACHAL PRADESH,Longding,0.77
ASSAM,Tinsukia,0.45
ASSAM,Nagaon,0.49
ASSAM,Kamrup,0.4
ASSAM,Kokrajhar,0.44
ASSAM,Baksa,0.46
ASSAM,Jorhat,0.6
ASSAM,Barpeta,0.51
ASSAM,Chirang,0.53
ASSAM,Bongaigaon,0.39
ASSAM,Nalbari,0.42
ASSAM,Udalguri,0.37
ASSAM,Kamrup Metropolitan,0.39
ASSAM,Morigaon,0.72
ASSAM,Dima Hasao,0.42
ASSAM,Sonitpur,0.43
ASSAM,Dhemaji,0.58
ASSAM,Sivasagar,0.44
ASSAM,Dibrugarh,0.46
ASSAM,Golaghat,0.48
ASSAM,Cachar,0.5
ASSAM,Karimganj,0.68
ASSAM,Hailakandi,0.54
ASSAM,Dhubri,0.52
ASSAM,Goalpara,0.45
ASSAM,Charaideo,0.31
ASSAM,Biswanath,0.41
ASSAM,Majuli,0.42
ASSAM,Hojai,0.43
ASSAM,South Salmara Mancachar,0.44
ASSAM,Karbi Anglong,0.43
ASSAM,West Karbi Anglong,0.29
ASSAM,Lakhimpur,0.54
ASSAM,Darrang,0.47
ASSAM,Bajali,0.62
BIHAR,Araria,0.55
BIHAR,Arwal,0.59
BIHAR,Aurangabad,0.57
BIHAR,Banka,0.5
BIHAR,Begusarai,0.62
BIHAR,Kaimur (bhabua),0.56
BIHAR,Bhagalpur,0.6
BIHAR,Bhojpur,0.64
BIHAR,Buxar,0.59
BIHAR,Darbhanga,0.57
BIHAR,Gaya,0.55
BIHAR,Gopalganj,0.47
BIHAR,Jehanabad,0.59
BIHAR,Jamui,0.59
BIHAR,Katihar,0.55
BIHAR,Khagaria,0.56
BIHAR,Kishanganj,0.45
BIHAR,Lakhisarai,0.62
BIHAR,Madhepura,0.61
BIHAR,Madhubani,0.55
BIHAR,Munger,0.56
BIHAR,Muzaffarpur,0.6
BIHAR,Nalanda,0.67
BIHAR,Nawada,0.6
BIHAR,Pashchim Champaran,0.53
BIHAR,Patna,0.57
BIHAR,Purba Champaran,0.57
BIHAR,Purnia,0.59
BIHAR,Rohtas,0.63
BIHAR,Saharsa,0.53
BIHAR,Samastipur,0.64
BIHAR,Saran,0.58
BIHAR,Sheikhpura,0.63
BIHAR,Sheohar,0.63
BIHAR,Sitamarhi,0.58
BIHAR,Siwan,0.57
BIHAR,Supaul,0.59
BIHAR,Vaishali,0.6
CHANDIGARH,Chandigarh,0.43
CHHATTISGARH,Balod,0.52
CHHATTISGARH,Baloda Bazar,0.41
CHHATTISGARH,Balrampur,0.38
CHHATTISGARH,Bastar,0.49
CHHATTISGARH,Bametara,0.58
CHHATTISGARH,Bijapur,0.44
CHHATTISGARH,Bilaspur,0.58
CHHATTISGARH,Gaurela-Pendra-Marwahi,0.39
CHHATTISGARH, Dantewada,0.47
CHHATTISGARH,Dhamtari,0.38
CHHATTISGARH,Durg,0.48
CHHATTISGARH,Gariaband,0.46
CHHATTISGARH,Janjgir - Champa,0.34
CHHATTISGARH,Jashpur,0.44
CHHATTISGARH,Kabeerdham,0.5
CHHATTISGARH,Kanker,0.49
CHHATTISGARH,Kondagaon,0.55
CHHATTISGARH,Korba,0.45
CHHATTISGARH,Mahendragarh,0.48
CHHATTISGARH,Mahasamund,0.54
CHHATTISGARH,Mungeli,0.38
CHHATTISGARH,Narayanpur,0.53
CHHATTISGARH,Raigarh,0.47
CHHATTISGARH,Raipur,0.55
CHHATTISGARH,Rajnandgaon,0.61
CHHATTISGARH,Sukma,0.43
CHHATTISGARH,Surajpur,0.3
CHHATTISGARH,Surguja,0.45
CHHATTISGARH,Sakti,0.3
CHHATTISGARH,Khairagarh,0.35
CHHATTISGARH,Mohla_manpur,0.55
CHHATTISGARH,Koriya,0.48
CHHATTISGARH,Sarangarh,0.44
"DADRA,NAGAR HAVELI,DAMAN & DIU",Daman,0.45
"DADRA,NAGAR HAVELI,DAMAN & DIU",Diu,0.36
"DADRA,NAGAR HAVELI,DAMAN & DIU",Dadra & Nagar Haveli,0.49
DELHI,Central,0.33
DELHI,East,0.18
DELHI,New Delhi,0.35
DELHI,North,0.47
DELHI,North East,0.27
DELHI,North West,0.44
DELHI,Shahdara,0.2
DELHI,South,0.38
DELHI,South West,0.27
DELHI,West,0.53
DELHI,South East,0.28
GOA,North Goa,0.61
GOA,South Goa,0.67
GUJARAT,Morbi,0.42
GUJARAT,Ahmadabad,0.52
GUJARAT,Anand,0.53
GUJARAT,Devbhumi Dwarka,0.63
GUJARAT,Jamnagar,0.53
GUJARAT,Kachchh,0.47
GUJARAT,Bhavnagar,0.47
GUJARAT,Bharuch,0.55
GUJARAT,Surat,0.54
GUJARAT,Navsari,0.46
GUJARAT,Valsad,0.53
GUJARAT,Aravalli,0.55
GUJARAT,Banas Kantha,0.59
GUJARAT,Chota Udaipur,0.49
GUJARAT,Dohad,0.59
GUJARAT,The Dangs,0.26
GUJARAT,Gir Somnath,0.56
GUJARAT,Junagadh,0.57
GUJARAT,Mahisagar,0.56
GUJARAT,Narmada,0.48
GUJARAT,Panch Mahals,0.48
GUJARAT,Tapi,0.48
GUJARAT,Vadodara,0.54
GUJARAT,Amreli,0.5
GUJARAT,Porbandar,0.56
GUJARAT,Rajkot,0.53
GUJARAT,Surendranagar,0.6
GUJARAT,Botad,0.41
GUJARAT,Kheda,0.48
GUJARAT,Mahesana,0.45
GUJARAT,Gandhinagar,0.49
GUJARAT,Patan,0.55
GUJARAT,Sabar Kantha,0.48
HARYANA,Ambala,0.67
HARYANA,Bhiwani,0.69
HARYANA,Faridabad,0.72
HARYANA,Fatehabad,0.51
HARYANA,Gurugram,0.77
HARYANA,Hisar,0.53
HARYANA,Jhajjar,0.71
HARYANA,Jind,0.68
HARYANA,Kaithal,0.77
HARYANA,Karnal,0.78
HARYANA,Kurukshetra,0.74
HARYANA,Mahendragarh,0.72
HARYANA,Nuh,0.68
HARYANA,Palwal,0.63
HARYANA,Panipat,0.72
HARYANA,Rewari,0.56
HARYANA,Rohtak,0.69
HARYANA,Sirsa,0.7
HARYANA,Sonipat,0.69
HARYANA,Yamunanagar,0.75
HARYANA,Charki Dadri,0.7
HARYANA,Panchkula,0.67
HIMACHAL PRADESH,Bilaspur,0.55
HIMACHAL PRADESH,Chamba,0.2
HIMACHAL PRADESH,Hamirpur,0.58
HIMACHAL PRADESH,Kangra,0.47
HIMACHAL PRADESH,Kullu,0.02
HIMACHAL PRADESH,Mandi,0.22
HIMACHAL PRADESH,Shimla,-0.04
HIMACHAL PRADESH,Sirmaur,0.54
HIMACHAL PRADESH,Solan,0.44
HIMACHAL PRADESH,Una,0.58
HIMACHAL PRADESH,Kinnaur,0.59
HIMACHAL PRADESH,Lahul & Spiti,0.58
JAMMU & KASHMIR,Mirpur,0.12
JAMMU & KASHMIR,Muzaffarabad,0.08
JAMMU & KASHMIR,Punch,0.02
JAMMU & KASHMIR,Anantnag,0.1
JAMMU & KASHMIR,Baramula,0.25
JAMMU & KASHMIR,Kathua,0.07
JAMMU & KASHMIR,Udhampur,0.52
JAMMU & KASHMIR,Badgam,0.48
JAMMU & KASHMIR,Bandipore,0.04
JAMMU & KASHMIR,Ganderbal,0.08
JAMMU & KASHMIR,Kulgam,0.09
JAMMU & KASHMIR,Kupwara,0.45
JAMMU & KASHMIR,Pulwama,0.16
JAMMU & KASHMIR,Rajouri,0.22
JAMMU & KASHMIR,Ramban,0.36
JAMMU & KASHMIR,Reasi,0.46
JAMMU & KASHMIR,Shupiyan,0.24
JAMMU & KASHMIR,Srinagar,0.37
JAMMU & KASHMIR,Kishtwar,0.49
JAMMU & KASHMIR,Doda,0.09
JAMMU & KASHMIR,Samba,0.21
JAMMU & KASHMIR,Jammu,0.44
JHARKHAND,Bokaro,0.37
JHARKHAND,Chatra,0.49
JHARKHAND,Dhanbad,0.39
JHARKHAND,Deoghar,0.37
JHARKHAND,Dumka,0.42
JHARKHAND,Garhwa,0.5
JHARKHAND,Giridih,0.39
JHARKHAND,Godda,0.49
JHARKHAND,Gumla,0.41
JHARKHAND,Hazaribagh,0.45
JHARKHAND,Jamtara,0.37
JHARKHAND,Khunti,0.43
JHARKHAND,Kodarma,0.49
JHARKHAND,Latehar,0.51
JHARKHAND,Lohardaga,0.46
JHARKHAND,Pakur,0.44
JHARKHAND,Palamu,0.47
JHARKHAND,Pashchimi Singhbhum,0.48
JHARKHAND,Purbi Singhbhum,0.41
JHARKHAND,Ramgarh,0.34
JHARKHAND,Ranchi,0.39
JHARKHAND,Sahibganj,0.51
JHARKHAND,Saraikela-kharsawan,0.37
JHARKHAND,Simdega,0.43
KARNATAKA,Bagalkote,0.38
KARNATAKA,Ballari,0.39
KARNATAKA,Belagavi,0.36
KARNATAKA,Bengaluru Rural,0.43
KARNATAKA,Bangalore,0.4
KARNATAKA,Bidar,0.37
KARNATAKA,Chamarajanagara,0.48
KARNATAKA,Chikkaballapura,0.41
KARNATAKA,Chikkamagaluru,0.63
KARNATAKA,Chitradurga,0.38
KARNATAKA,Dakshina Kannada,0.74
KARNATAKA,Davanagere,0.46
KARNATAKA,Dharwad,0.4
KARNATAKA,Gadag,0.36
KARNATAKA,Hassan,0.52
KARNATAKA,Haveri,0.44
KARNATAKA,Kalaburagi,0.37
KARNATAKA,Kodagu,0.75
KARNATAKA,Kolar,0.45
KARNATAKA,Koppal,0.37
KARNATAKA,Mandya,0.5
KARNATAKA,Mysuru,0.45
KARNATAKA,Raichur,0.38
KARNATAKA,Ramanagara,0.45
KARNATAKA,Shivamogga,0.61
KARNATAKA,Tumakuru,0.43
KARNATAKA,Udupi,0.71
KARNATAKA,Uttara Kannada,0.67
KARNATAKA,Vijayapura,0.38
KARNATAKA,Yadgir,0.37
KARNATAKA,Vijayanagar,0.44
KERALA,Alappuzha,0.7
KERALA,Ernakulam,0.66
KERALA,Idukki,0.76
KERALA,Kannur,0.73
KERALA,Kasaragod,0.72
KERALA,Kollam,0.72
KERALA,Kottayam,0.73
KERALA,Kozhikode,0.72
KERALA,Malappuram,0.69
KERALA,Palakkad,0.69
KERALA,Pathanamthitta,0.77
KERALA,Thiruvananthapuram,0.72
KERALA,Thrissur,0.69
KERALA,Wayanad,0.71
LADAKH,Leh,-0.04
LADAKH,Kargil,0.01
LAKSHADWEEP,Lakshadweep,0.54
MADHYA PRADESH,Agar Malwa,0.63
MADHYA PRADESH,Alirajpur,0.51
MADHYA PRADESH,Anuppur,0.46
MADHYA PRADESH,Ashoknagar,0.67
MADHYA PRADESH,Balaghat,0.53
MADHYA PRADESH,Barwani,0.46
MADHYA PRADESH,Betul,0.51
MADHYA PRADESH,Bhind,0.72
MADHYA PRADESH,Bhopal,0.64
MADHYA PRADESH,Burhanpur,0.47
MADHYA PRADESH,Chhatarpur,0.66
MADHYA PRADESH,Chhindwara,0.52
MADHYA PRADESH,Damoh,0.58
MADHYA PRADESH,Datia,0.74
MADHYA PRADESH,Dewas,0.58
MADHYA PRADESH,Dhar,0.56
MADHYA PRADESH,Dindori,0.5
MADHYA PRADESH,Khandwa,0.65
MADHYA PRADESH,Guna,0.63
MADHYA PRADESH,Gwalior,0.66
MADHYA PRADESH,Harda,0.59
MADHYA PRADESH,Narmadapuram,0.63
MADHYA PRADESH,Indore,0.51
MADHYA PRADESH,Jabalpur,0.61
MADHYA PRADESH,Jhabua,0.47
MADHYA PRADESH,Katni,0.51
MADHYA PRADESH,Mandla,0.51
MADHYA PRADESH,Mandsaur,0.6
MADHYA PRADESH,Morena,0.64
MADHYA PRADESH,Narsimhapur,0.68
MADHYA PRADESH,Neemuch,0.62
MADHYA PRADESH,Panna,0.52
MADHYA PRADESH,Raisen,0.68
MADHYA PRADESH,Ratlam,0.56
MADHYA PRADESH,Rewa,0.63
MADHYA PRADESH,Sagar,0.66
MADHYA PRADESH,Satna,0.6
MADHYA PRADESH,Sehore,0.59
MADHYA PRADESH,Seoni,0.64
MADHYA PRADESH,Shahdol,0.6
MADHYA PRADESH,Shajapur,0.62
MADHYA PRADESH,Sheopur,0.55
MADHYA PRADESH,Shivpuri,0.48
MADHYA PRADESH,Sidhi,0.66
MADHYA PRADESH,Singrauli,0.53
MADHYA PRADESH,Tikamgarh,0.59
MADHYA PRADESH,Ujjain,0.58
MADHYA PRADESH,Umaria,0.49
MADHYA PRADESH,Vidisha,0.7
MADHYA PRADESH,Khargone,0.7
MADHYA PRADESH,Niwari,0.56
MADHYA PRADESH,Rajgarh,0.73
MAHARASHTRA,Ahmadnagar,0.43
MAHARASHTRA,Akola,0.45
MAHARASHTRA,Amravati,0.46
MAHARASHTRA,Aurangabad,0.47
MAHARASHTRA,Bhandara,0.49
MAHARASHTRA,Bid,0.42
MAHARASHTRA,Buldana,0.46
MAHARASHTRA,Chandrapur,0.48
MAHARASHTRA,Dhule,0.44
MAHARASHTRA,Gadchiroli,0.54
MAHARASHTRA,Gondiya,0.48
MAHARASHTRA,Hingoli,0.45
MAHARASHTRA,Jalgaon,0.52
MAHARASHTRA,Jalna,0.5
MAHARASHTRA,Kolhapur,0.46
MAHARASHTRA,Latur,0.42
MAHARASHTRA,Mumbai,0.31
MAHARASHTRA,Nagpur,0.39
MAHARASHTRA,Nanded,0.48
MAHARASHTRA,Nandurbar,0.46
MAHARASHTRA,Nashik,0.45
MAHARASHTRA,Osmanabad,0.44
MAHARASHTRA,Palghar,0.4
MAHARASHTRA,Parbhani,0.47
MAHARASHTRA,Pune,0.51
MAHARASHTRA,Raigarh,0.41
MAHARASHTRA,Ratnagiri,0.48
MAHARASHTRA,Sangli,0.57
MAHARASHTRA,Satara,0.37
MAHARASHTRA,Sindhudurg,0.41
MAHARASHTRA,Solapur,0.59
MAHARASHTRA,Mumbai Suburban,0.39
MAHARASHTRA,Thane,0.42
MAHARASHTRA,Wardha,0.47
MAHARASHTRA,Washim,0.44
MAHARASHTRA,Yavatmal,0.44
MANIPUR,Bishnupur,0.4
MANIPUR,Chandel,0.77
MANIPUR,Churachandpur,0.76
MANIPUR,Imphal West,0.41
MANIPUR,Imphal East,0.35
MANIPUR,Jiribam,0.74
MANIPUR,Ukhrul,0.44
MANIPUR,Senapati,0.78
MANIPUR,Tamenglong,0.65
MANIPUR,Thoubal,0.81
MANIPUR,Kamjong,0.83
MANIPUR,Noney,0.67
MANIPUR,Pherzawl,0.79
MANIPUR,Tengnoupal,0.76
MANIPUR,Kangpokpi,0.4
MANIPUR,Kakching,0.67
MEGHALAYA,East Garo Hills,0.7
MEGHALAYA,East Khasi Hills,0.64
MEGHALAYA,East Jaintia Hills,0.62
MEGHALAYA,South Garo Hills,0.61
MEGHALAYA,West Garo Hills,0.66
MEGHALAYA,West Khasi Hills,0.64
MEGHALAYA,Ribhoi,0.71
MEGHALAYA,South West Khasi Hills,0.62
MEGHALAYA,South West Garo Hills,0.64
MEGHALAYA,North Garo Hills,0.65
MEGHALAYA,West Jaintia Hills,0.61
MEGHALAYA,Eastern West Khasi Hills,0.69
MIZORAM,Saiha,0.79
MIZORAM,Lawngtlai,0.75
MIZORAM,Serchhip,0.8
MIZORAM,Kolasib,0.78
MIZORAM,Mamit,0.78
MIZORAM,Lunglei,0.76
MIZORAM,Aizawl,0.79
MIZORAM,Hnahthial,0.79
MIZORAM,Saitual,0.8
MIZORAM,Champhai,0.78
MIZORAM,Khawzawl,0.79
NAGALAND,Peren,0.59
NAGALAND,Phek,0.71
NAGALAND,Wokha,0.69
NAGALAND,Dimapur,0.71
NAGALAND,Kohima,0.75
NAGALAND,Kiphire,0.68
NAGALAND,Zunheboto,0.72
NAGALAND,Mokokchung,0.74
NAGALAND,Mon,0.7
NAGALAND,Tuensang,0.71
NAGALAND,Longleng,0.73
NAGALAND,Noklak,0.73
ODISHA,Anugul,0.49
ODISHA,Balangir,0.46
ODISHA,Baleshwar,0.37
ODISHA,Bargarh,0.39
ODISHA,Bhadrak,0.51
ODISHA,Cuttack,0.34
ODISHA,Deogarh,0.42
ODISHA,Dhenkanal,0.5
ODISHA,Gajapati,0.47
ODISHA,Ganjam,0.58
ODISHA,Jagatsinghapur,0.52
ODISHA,Jajapur,0.36
ODISHA,Jharsuguda,0.4
ODISHA,Kalahandi,0.32
ODISHA,Kandhamal,0.5
ODISHA,Kendrapara,0.61
ODISHA,Kendujhar,0.39
ODISHA,Khordha,0.44
ODISHA,Koraput,0.45
ODISHA,Malkangiri,0.48
ODISHA,Mayurbhanj,0.5
ODISHA,Nabarangapur,0.48
ODISHA,Nayagarh,0.43
ODISHA,Nuapada,0.56
ODISHA,Puri,0.45
ODISHA,Rayagada,0.43
ODISHA,Sambalpur,0.58
ODISHA,Subarnapur,0.48
ODISHA,Sundargarh,0.39
ODISHA,Baudh,0.45
PUDUCHERRY,Karaikal,0.58
PUDUCHERRY,Mahe,0.59
PUDUCHERRY,Puducherry,0.56
PUDUCHERRY,Yanam,0.52
PUNJAB,Amritsar,0.73
PUNJAB,Barnala,0.76
PUNJAB,Bathinda,0.75
PUNJAB,Faridkot,0.76
PUNJAB,Fatehgarh Sahib,0.73
PUNJAB,Fazilka,0.73
PUNJAB,Firozpur,0.76
PUNJAB,Gurdaspur,0.74
PUNJAB,Hoshiarpur,0.64
PUNJAB,Jalandhar,0.67
PUNJAB,Kapurthala,0.69
PUNJAB,Ludhiana,0.68
PUNJAB,Mansa,0.73
PUNJAB,Moga,0.77
PUNJAB,Sri Muktsar Sahib,0.76
PUNJAB,Shahid Bhagat Singh Nagar,0.61
PUNJAB,Pathankot,0.75
PUNJAB,Patiala,0.66
PUNJAB,Rupnagar,0.59
PUNJAB,Sangrur,0.78
PUNJAB,Sahibzada Ajit Singh Nag*,0.7
PUNJAB,Tarn Taran,0.78
PUNJAB,Malerkotla,0.77
RAJASTHAN,Ajmer,0.53
RAJASTHAN,Alwar,0.62
RAJASTHAN,Banswara,0.55
RAJASTHAN,Baran,0.62
RAJASTHAN,Barmer,0.23
RAJASTHAN,Bharatpur,0.69
RAJASTHAN,Bhilwara,0.53
RAJASTHAN,Bikaner,0.24
RAJASTHAN,Bundi,0.6
RAJASTHAN,Chittaurgarh,0.55
RAJASTHAN,Churu,0.34
RAJASTHAN,Dausa,0.61
RAJASTHAN,Dhaulpur,0.6
RAJASTHAN,Dungarpur,0.5
RAJASTHAN,Hanumangarh,0.56
RAJASTHAN,Jaipur,0.52
RAJASTHAN,Jaisalmer,0.52
RAJASTHAN,Jalor,0.17
RAJASTHAN,Jhalawar,0.4
RAJASTHAN,Jhunjhunun,0.59
RAJASTHAN,Jodhpur,0.5
RAJASTHAN,Karauli,0.3
RAJASTHAN,Ganganagar,0.54
RAJASTHAN,Kota,0.62
RAJASTHAN,Nagaur,0.34
RAJASTHAN,Pali,0.44
RAJASTHAN,Pratapgarh,0.56
RAJASTHAN,Rajsamand,0.44
RAJASTHAN,Sawai Madhopur,0.62
RAJASTHAN,Sikar,0.44
RAJASTHAN,Sirohi,0.47
RAJASTHAN,Tonk,0.61
RAJASTHAN,Udaipur,0.48
SIKKIM,East District,0.46
SIKKIM,North  District,0.23
SIKKIM,South District,0.51
SIKKIM,West District,0.46
TAMIL NADU,Ariyalur,0.6
TAMIL NADU,Chengalpattu,0.58
TAMIL NADU,Chennai,0.37
TAMIL NADU,Coimbatore,0.56
TAMIL NADU,Cuddalore,0.55
TAMIL NADU,Dharmapuri,0.51
TAMIL NADU,Dindigul,0.6
TAMIL NADU,Erode,0.55
TAMIL NADU,Kallakurichchi,0.57
TAMIL NADU,Kanniyakumari,0.53
TAMIL NADU,Karur,0.69
TAMIL NADU,Madurai,0.48
TAMIL NADU,The Nilgiris,0.48
TAMIL NADU,Namakkal,0.54
TAMIL NADU,Perambalur,0.59
TAMIL NADU,Pudukkottai,0.59
TAMIL NADU,Ramanathapuram,0.5
TAMIL NADU,Ranipet,0.53
TAMIL NADU,Salem,0.53
TAMIL NADU,Sivaganga,0.5
TAMIL NADU,Theni,0.58
TAMIL NADU,Tenkasi,0.54
TAMIL NADU,Thanjavur,0.53
TAMIL NADU,Thiruvarur,0.59
TAMIL NADU,Tiruchirappalli,0.61
TAMIL NADU,Tirunelveli,0.71
TAMIL NADU,Tiruppur,0.64
TAMIL NADU,Tiruppattur,0.52
TAMIL NADU,Thiruvallur,0.58
TAMIL NADU,Tiruvannamalai,0.51
TAMIL NADU,Thoothukkudi,0.57
TAMIL NADU,Vellore,0.61
TAMIL NADU,Viluppuram,0.59
TAMIL NADU,Virudhunagar,0.48
TAMIL NADU,Krishnagiri,0.58
TAMIL NADU,Nagapattinam,0.61
TAMIL NADU,Mayiladuthurai,0.57
TAMIL NADU,KAnchipuram,0.51
TELANGANA,Adilabad,0.45
TELANGANA,Hyderabad,0.54
TELANGANA,Karimnagar,0.24
TELANGANA,Bhadradri Kothagudem,0.5
TELANGANA,Mahabubnagar,0.49
TELANGANA,Siddipet,0.53
TELANGANA,Nalgonda,0.46
TELANGANA,Nizamabad,0.44
TELANGANA,Ranga Reddy,0.55
TELANGANA,Mulugu,0.6
TELANGANA,Jogulamba Gadwal,0.46
TELANGANA,Kumuram Bheem Asifabad,0.53
TELANGANA,Mancherial,0.39
TELANGANA,Nirmal,0.49
TELANGANA,Kamareddy,0.39
TELANGANA,Sangareddy,0.35
TELANGANA,Nagarkurnool,0.53
TELANGANA,Wanaparthy,0.45
TELANGANA,Narayanpet,0.5
TELANGANA,Vikarabad,0.37
TELANGANA,Medchal Malkajgiri,0.47
TELANGANA,Yadadri Bhuvanagiri,0.53
TELANGANA,Suryapet,0.51
TELANGANA,Khammam,0.48
TELANGANA,Mahabubabad,0.36
TELANGANA,Jangoan,0.37
TELANGANA,Warangal Urban,0.44
TELANGANA,Warangal Rural,0.59
TELANGANA,Jayashankar,0.38
TELANGANA,Peddapalli,0.4
TELANGANA,Jagitial,0.55
TELANGANA,Rajanna Sircilla,0.51
TELANGANA,Medak,0.45
TRIPURA,Dhalai,0.67
TRIPURA,Gomati,0.61
TRIPURA,Khowai,0.61
TRIPURA,North Tripura,0.67
TRIPURA,Sipahijala,0.5
TRIPURA,South Tripura,0.58
TRIPURA,Unokoti,0.61
TRIPURA,West Tripura,0.52
UTTAR PRADESH,Agra,0.69
UTTAR PRADESH,Aligarh,0.69
UTTAR PRADESH,Ambedkar Nagar,0.69
UTTAR PRADESH,Amethi,0.69
UTTAR PRADESH,Amroha,0.59
UTTAR PRADESH,Auraiya,0.72
UTTAR PRADESH,Azamgarh,0.67
UTTAR PRADESH,Budaun,0.56
UTTAR PRADESH,Baghpat,0.64
UTTAR PRADESH,Bahraich,0.6
UTTAR PRADESH,Ballia,0.63
UTTAR PRADESH,Balrampur,0.68
UTTAR PRADESH,Banda,0.7
UTTAR PRADESH,Bara Banki,0.65
UTTAR PRADESH,Bareilly,0.67
UTTAR PRADESH,Basti,0.65
UTTAR PRADESH,Bhadohi,0.54
UTTAR PRADESH,Bijnor,0.71
UTTAR PRADESH,Bulandshahr,0.66
UTTAR PRADESH,Chandauli,0.59
UTTAR PRADESH,Chitrakoot,0.64
UTTAR PRADESH,Deoria,0.67
UTTAR PRADESH,Faizabad,0.7
UTTAR PRADESH,Etah,0.7
UTTAR PRADESH,Etawah,0.65
UTTAR PRADESH,Farrukhabad,0.63
UTTAR PRADESH,Fatehpur,0.71
UTTAR PRADESH,Firozabad,0.7
UTTAR PRADESH,Gautam Buddha Nagar,0.54
UTTAR PRADESH,Ghazipur,0.48
UTTAR PRADESH,Ghaziabad,0.64
UTTAR PRADESH,Gonda,0.63
UTTAR PRADESH,Gorakhpur,0.67
UTTAR PRADESH,Hamirpur,0.73
UTTAR PRADESH,Hapur,0.6
UTTAR PRADESH,Hardoi,0.71
UTTAR PRADESH,Hathras,0.69
UTTAR PRADESH,Jalaun,0.72
UTTAR PRADESH,Jaunpur,0.68
UTTAR PRADESH,Jhansi,0.72
UTTAR PRADESH,Kannauj,0.66
UTTAR PRADESH,Kanpur Nagar,0.72
UTTAR PRADESH,Kanpur Dehat,0.66
UTTAR PRADESH,Kasganj,0.66
UTTAR PRADESH,Kaushambi,0.7
UTTAR PRADESH,Kheri,0.57
UTTAR PRADESH,Kushinagar,0.55
UTTAR PRADESH,Lalitpur,0.68
UTTAR PRADESH,Lucknow,0.6
UTTAR PRADESH,Mahoba,0.71
UTTAR PRADESH,Mainpuri,0.7
UTTAR PRADESH,Mathura,0.7
UTTAR PRADESH,Mau,0.72
UTTAR PRADESH,Meerut,0.65
UTTAR PRADESH,Mirzapur,0.56
UTTAR PRADESH,Moradabad,0.56
UTTAR PRADESH,Muzaffarnagar,0.66
UTTAR PRADESH,Pilibhit,0.56
UTTAR PRADESH,Pratapgarh,0.62
UTTAR PRADESH,Rae Bareli,0.67
UTTAR PRADESH,Rampur,0.64
UTTAR PRADESH,Saharanpur,0.69
UTTAR PRADESH,Sambhal,0.71
UTTAR PRADESH,Sant Kabir Nagar,0.62
UTTAR PRADESH,Shahjahanpur,0.68
UTTAR PRADESH,Shamli,0.71
UTTAR PRADESH,Shrawasti,0.71
UTTAR PRADESH,Siddharthnagar,0.62
UTTAR PRADESH,Sitapur,0.69
UTTAR PRADESH,Sonbhadra,0.74
UTTAR PRADESH,Sultanpur,0.64
UTTAR PRADESH,Unnao,0.49
UTTAR PRADESH,Varanasi,0.67
UTTAR PRADESH,Prayagraj,0.7
UTTAR PRADESH,Mahrajganj,0.61
UTTARAKHAND,"Almora
",0.61
UTTARAKHAND,Bageshwar,0.49
UTTARAKHAND,Champawat,0.27
UTTARAKHAND,Dehradun,0.66
UTTARAKHAND,Hardwar,0.59
UTTARAKHAND,Nainital,0.65
UTTARAKHAND,Garhwal,0.56
UTTARAKHAND,Rudraprayag,0.67
UTTARAKHAND,Tehri Garhwal,0.27
UTTARAKHAND,Udham Singh Nagar,0.5
UTTARAKHAND,Chamoli,0.58
UTTARAKHAND,Pithoragarh,0.63
UTTARAKHAND,Uttarkashi,0.27
WEST BENGAL,Alipurduar,0.52
WEST BENGAL,Bankura,0.4
WEST BENGAL,Purba Bardhaman,0.37
WEST BENGAL,Birbhum,0.52
WEST BENGAL,Dakshin Dinajpur,0.54
WEST BENGAL,Darjiling,0.49
WEST BENGAL,Purba Medinipur,0.51
WEST BENGAL,Howrah,0.43
WEST BENGAL,Hooghly,0.51
WEST BENGAL,Jalpaiguri,0.39
WEST BENGAL,Cooch Behar,0.5
WEST BENGAL,Kolkata,0.22
WEST BENGAL,Maldah,0.54
WEST BENGAL,Murshidabad,0.43
WEST BENGAL,Nadia,0.5
WEST BENGAL,North Twenty Four Pargan*,0.54
WEST BENGAL,Medinipur West,0.43
WEST BENGAL,Puruliya,0.33
WEST BENGAL,South Twenty Four Pargana,0.36
WEST BENGAL,Uttar Dinajpur,0.38
WEST BENGAL,Jhargram,0.36
WEST BENGAL,Paschim Bardhaman,0.45
WEST BENGAL,Kalimpong,0.52
