State,District,01-Feb-26,02-Feb-26,03-Feb-26,04-Feb-26,05-Feb-26,06-Feb-26,07-Feb-26,08-Feb-26,09-Feb-26,10-Feb-26,11-Feb-26,12-Feb-26,13-Feb-26,14-Feb-26,15-Feb-26,16-Feb-26,17-Feb-26,18-Feb-26,19-Feb-26,20-Feb-26,21-Feb-26,22-Feb-26,23-Feb-26,24-Feb-26,25-Feb-26,26-Feb-26,27-Feb-26,28-Feb-26
ANDAMAN & NICOBAR,Nicobars,0,0,0,0,0,0,0,0,0,0,0,0,0,0,0,0,0,0,0,0,0,0,0,0,0.6,0.2,0,0
ANDAMAN & NICOBAR,North  & Middle Andaman,0,0,0,0,0,0,0,0,0,0,0,0,0,0,0,0,0,0,0,0,0,0,0,0,0,0,0,0
ANDAMAN & NICOBAR,South Andaman,0,0,0,0,0,0,0,0,0,0,0,0,0,0,0,0,0,0,0,0,0,0,0,0,0,0,0,0
ANDHRA PRADESH,Alluri Sitharama Raju,0,0,0,0,0,0,0,0,0,0,0,0,0,0,0,0,0,0,0,0,0,0,0.06,5.98,1.15,1.42,0,0
ANDHRA PRADESH,Anakapalli,0,0,0,0,0,0,0,0,0,0,0,0,0,0,0,0,0,0,0,0,0,0,0,1.23,3,1.19,0,0
ANDHRA PRADESH,Anantpur,0,0,0,0,0,0,0,0,0,0,0,0,0,0,0,0,0,0,0,0,0,0,0,0,0,0,0,0
ANDHRA PRADESH,Annamayya,0,0,0,0,0,0,0,0,0,0,0,0,0,0,0,0,0,0,0,0,0,0,0,0,0,0,0,0
ANDHRA PRADESH,Bapatla,0,0,0,0,0,0,0,0,0,0,0,0,0,0,0,0,0,0,0,0,0,0,0,0,0,0,0,0
ANDHRA PRADESH,Chittoor,0,0,0,0,0,0,0,0,0,0,0,0,0,0,0,0,0,0,0,0,0,0,0.08,0,0,0,0,0
ANDHRA PRADESH,East Godavari,0,0,0,0,0,0,0,0,0,0,0,0,0,0,0,0,0,0,0,0,0,0,0.06,0,2.73,4.01,0,0
ANDHRA PRADESH,Eluru,0,0,0,0,0,0,0,0,0,0,0,0,0,0,0,0,0,0,0,0,0,0,0.16,2.99,0,2.32,0,0
ANDHRA PRADESH,Guntur,0,0,0,0,0,0,0,0,0,0,0,0,0,0,0,0,0,0,0,0,0,0,0,0.03,0,0,1.42,0
ANDHRA PRADESH,Kakinada,0,0,0,0,0,0,0,0,0,0,0,0,0,0,0,0,0,0,0,0,0,0,0,0.05,2.34,2.71,0,0
ANDHRA PRADESH,Konaseema,0,0,0,0,0,0,0,0,0,0,0,0,0,0,0,0,0,0,0,0,0,0,0,0,4.84,6.34,0,0
ANDHRA PRADESH,Krishna,0,0,0,0,0,0,0,0,0,0,0,0,0,0,0,0,0,0,0,0,0,0,0,0,0,1.16,0,0
ANDHRA PRADESH,Kurnool,0,0,0,0,0,0,0,0,0,0,0,0,0,0,0,0,0,0,0,0,0,0,0,0.02,0.01,0,0,0
ANDHRA PRADESH,NTR,0,0,0,0,0,0,0,0,0,0,0,0,0,0,0,0,0,0,0,0,0,0,0,11.98,0,2.05,0.46,0
ANDHRA PRADESH,Nandyal,0,0,0,0,0,0,0,0,0,0,0,0,0,0,0,0,0,0,0,0,0,0,0,0.05,0,0,0,0
ANDHRA PRADESH,Palnadu,0,0,0,0,0,0,0,0,0,0,0,0,0,0,0,0,0,0,0,0,0,0,0,0.13,0.02,0,0.25,0
ANDHRA PRADESH,Parvathipuram Manyam,0,0,0,0,0,0,0,0,0,0,0,0,0,0,0,0,0,0,0,0,0,0,0,1.75,0,0.82,0,0
ANDHRA PRADESH,Prakasam,0,0,0,0,0,0,0,0,0,0,0,0,0,0,0,0,0,0,0,0,0,0,0,0.27,0,0,0,0
ANDHRA PRADESH,Sri Potti Sriramulu Nell*,0,0,0,0,0,0,0,0,0,0,0,0,0,0,0,0,0,0,0,0,0,0,0,0,0,0,0,0
ANDHRA PRADESH,Sri Sathya sai,0,0,0,0,0,0,0,0,0,0,0,0,0,0,0,0,0,0,0,0,0,0,0,0,0,0,0,0
ANDHRA PRADESH,Srikakulam,0,0,0,0,0,0,0,0,0,0,0,0,0,0,0,0,0,0,0,0,0,0,0,0,0,0.99,0,0
ANDHRA PRADESH,Tirupati,0,0,0,0,0,0,0,0,0,0,0,0,0,0,0,0,0,0,0,0,0,0,1.08,0,0,0,0,0
ANDHRA PRADESH,Visakhapatnam,0,0,0,0,0,0,0,0,0,0,0,0,0,0,0,0,0,0,0,0,0,0,0,0,0,0.05,0,0
ANDHRA PRADESH,Vizianagaram,0,0,0,0,0,0,0,0,0,0,0,0,0,0,0,0,0,0,0,0,0,0,0.17,0,0,3,0,0
ANDHRA PRADESH,West Godavari,0,0,0,0,0,0,0,0,0,0,0,0,0,0,0,0,0,0,0,0,0,0,0,0,7.77,1.33,0,0
ANDHRA PRADESH,Y.S.R.,0,0,0,0,0,0,0,0,0,0,0,0,0,0,0,0,0,0,0,0,0,0,0,0,0,0,0,0
ARUNACHAL PRADESH,Anjaw,0,0,0,0,0.01,0,0,0,0,0,0,0,0,0,0,0.01,0,0,0,0,0,0,0.03,0,0,0,0,0.03
ARUNACHAL PRADESH,Changlang,0,0,0,0,0.13,0,0,0,0,0,0,0,0,0,0,0.04,0,0,0,0,0,0,2.34,0,0.01,0,0,0.86
ARUNACHAL PRADESH,East Kameng,0,0,0,0,0,0,0,0,0,0,0,0,0.04,0,0.36,0.6,0,0,0,0,0,0,0.52,0,0,1.05,0.07,2.82
ARUNACHAL PRADESH,East Siang,0,0,0,0,0.47,0.4,0,0,0,0,0,0,0,0,0,0.09,0,0,0,0,0,0,0.04,0,0.03,0,0,1.96
ARUNACHAL PRADESH,Kamle,0,0,0,0,0.03,0,0,0,0,0,0,0,0,0,0,0,0,0,0,0,0,0,0,0,0,0,0,0.95
ARUNACHAL PRADESH,Kra Daadi,0,0,0,0,0,0,0,0,0,0,0,0,0,0,0,0.51,0,0,0,0,0,0,0,0,0,0,0,1.93
ARUNACHAL PRADESH,Kurung Kumey,0,0,0,0,0,0,0,0,0,0,0,0,0.01,0,0.09,1.39,0,0,0,0,0,0,0.11,0,0,0.24,0.02,4.75
ARUNACHAL PRADESH,Lepa Rada,0,0,0,0,0.01,1.96,0,0,0,0,0,0,0,0,0,0,0,0,0,0,0,0,0.16,0,0,0,0,1.52
ARUNACHAL PRADESH,Lohit,0,0,0,0,0.22,0,0,0,0,0,0,0,0,0,0,0.22,0,0,0,0,0,0,0.28,0,0,0,0,0.84
ARUNACHAL PRADESH,Longding,0,0,0,0,0.13,0,0,0,0,0,0,0,0,0,0,0,0,0,0,0,0,0,0,0,0.01,0.02,0,1.8
ARUNACHAL PRADESH,Lower Dibang Valley,0,0,0,0,0.46,0.09,0,0,0,0,0,0,0,0,0,0.38,0,0,0,0,0,0,0.01,0,0.01,0,0,1.74
ARUNACHAL PRADESH,Lower Siang,0,0,0,0,0.19,1.54,0,0,0,0,0,0,0,0,0,0,0,0,0,0,0,0,0.14,0,0,0,0,0.74
ARUNACHAL PRADESH,Lower Subansiri,0,0,0,0,0,0,0,0,0,0,0,0,0,0,0.16,0.27,0,0,0,0,0,0,0,0,0,0.05,0,1.3
ARUNACHAL PRADESH,Namsai,0,0,0,0,0.47,0,0,0,0,0,0,0,0,0,0,0.28,0,0,0,0,0,0,1.64,0,0.02,0,0,1.27
ARUNACHAL PRADESH,Pakke Kessang,0,0,0,0,0,0,0,0,0,0,0,0,0,0,1.21,0,0,0,0,0,0,0,1.73,0,0,3.47,0.16,2.25
ARUNACHAL PRADESH,Papum Pare,0,0,0,0,0,0,0,0,0,0,0,0,0,0,0.75,0.45,0,0,0,0,0,0,0.32,0,0,1.65,0,2.8
ARUNACHAL PRADESH,Shi Yomi,0,0,0,0,0,0.18,0,0,0.15,0,0,0,0,0,0,1.54,0,0,0,0,0,0,0.01,0,0,1.39,3.39,2.69
ARUNACHAL PRADESH,Siang,0,0,0,0,0,1.21,0,0,0.05,0,0,0,0,0,0,0.48,0,0,0,0,0,0,0.1,0,0,0.47,1.16,2.06
ARUNACHAL PRADESH,Tawang,0,0,0,0,0,0,0,0,0,0,0,0,0.38,0,0,0,0,0,0,0,0,0,0,0,1.19,1.46,2.29,3.54
ARUNACHAL PRADESH,Tirap,0,0,0,0,0,0,0,0,0,0,0,0,0,0,0,0,0,0,0,0,0,0,0.98,0,0,0,0,1.47
ARUNACHAL PRADESH,Upper Dibang Valley,0,0,0,0,0.18,0.17,0,0,0,0,0,0,0,0,0,0.2,0,0,0,0,0,0,0.01,0,0,0.06,0.15,1.58
ARUNACHAL PRADESH,Upper Siang,0,0,0,0,0,0.61,0,0,0.1,0,0,0,0,0,0,1.03,0,0,0,0,0,0,0.05,0,0,0.96,2.35,2.32
ARUNACHAL PRADESH,Upper Subansiri,0,0,0,0,0.01,0.2,0,0,0.04,0,0,0,0,0,0,0.48,0,0,0,0,0,0,0.02,0,0,0.34,0.83,1.45
ARUNACHAL PRADESH,West Kameng,0,0,0,0,0,0,0,0,0,0,0,0,0.22,0,0.01,0,0,0,0,0,0,0,0.02,0,0.01,0.1,0.41,1.56
ARUNACHAL PRADESH,West Siang,0,0,0,0,0,1.06,0,0,0.01,0,0,0,0,0,0,0.08,0,0,0,0,0,0,0.08,0,0,0.07,0.17,1.87
ASSAM,Bajali,0,0,0,0,0,0,0,0,0,0,0,0,0,0,0,0,0,0,0,0,0,0,0,0,0,0,0,0
ASSAM,Baksa,0,0,0,0,0,0,0,0,0,0,0,0,0,0,0,0,0,0,0,0,0,0,0,0,0,0,0,0
ASSAM,Barpeta,0,0,0,0,0,0,0,0,0,0,0,0,0,0,0,0,0,0,0,0,0,0,0,0,0,0,0,0
ASSAM,Biswanath,0,0,0,0,0,0,0,0,0,0,0,0,0,0,0.06,0,0,0,0,0,0,0.99,0.19,0,0,2.53,2.08,1.82
ASSAM,Bongaigaon,0,0,0,0,0,0,0,0,0,0,0,0,0,0,0,0,0,0,0,0,0,0,0,0,0,0,0,0
ASSAM,Cachar,0,0,0,0,0,0,0,0,0,0,0,0,0,0,0,0,0,0,0,0,0,0,0,0,0,0,0,0
ASSAM,Charaideo,0,0,0,0,0,0,0,0,0,0,0,0,0,0,0,0,0,0,0,0,0,0,0,0,0,0.06,0,1.91
ASSAM,Chirang,0,0,0,0,0,0,0,0,0,0,0,0,0,0,0,0,0,0,0,0,0,0,0,0,0,0,0,0
ASSAM,Darrang,0,0,0,0,0,0,0,0,0,0,0,0,0,0,0,0,0,0,0,0,0,0,0,0,0,0,0,0.68
ASSAM,Dhemaji,0,0,0,0,0.65,0.24,0,0,0,0,0,0,0,0,0,0,0,0,0,0,0,0,0.05,0,0.04,0.02,0,1.14
ASSAM,Dhubri,0,0,0,0,0,0,0,0,0,0,0,0,0,0,0,0,0,0,0,0,0,0,0,0,0,0,0,0
ASSAM,Dibrugarh,0,0,0,0,0.03,0,0,0,0,0,0,0,0,0,0,0,0,0,0,0,0,0,0,0,0,0.02,0,2.22
ASSAM,Dima Hasao,0,0,0,0,0,0,0,0,0,0,0,0,0,0,0,0,0,0,0,0,0,0,0,0,0,0.25,0,0
ASSAM,Goalpara,0,0,0,0,0,0,0,0,0,0,0,0,0,0,0,0,0,0,0,0,0,0,0,0,0,0,0,0
ASSAM,Golaghat,0,0,0,0,0,0,0,0,0,0,0,0,0,0,0,0,0,0,0,0,0,0.54,2.56,0,0.11,0.6,0.84,1.66
ASSAM,Hailakandi,0,0,0,0,0,0,0,0,0,0,0,0,0,0,0,0,0,0,0,0,0,0,0,0,0,0,0,0
ASSAM,Hojai,0,0,0,0,0,0,0,0,0,0,0,0,0,0,0,0,0,0,0,0,0,0,0,0,0,0.33,0.3,0.15
ASSAM,Jorhat,0,0,0,0,0,0,0,0,0,0,0,0,0,0,0,0,0,0,0,0,0,0.02,0.06,0,0,1.59,0.02,0.58
ASSAM,Kamrup,0,0,0,0,0,0,0,0,0,0,0,0,0,0,0,0,0,0,0,0,0,0,0,0,0,4.9,0.45,0.51
ASSAM,Kamrup Metropolitan,0,0,0,0,0,0,0,0,0,0,0,0,0,0,0,0,0,0,0,0,0,0,0,0,0,0.14,0,0.22
ASSAM,Karbi Anglong,0,0,0,0,0,0,0,0,0,0,0,0,0,0,0,0,0,0,0,0,0,1.29,0.39,0,0.01,2.03,1.24,0.73
ASSAM,Karimganj,0,0,0,0,0,0,0,0,0,0,0,0,0,0,0,0,0,0,0,0,0,0,0,0,0,0,0,0
ASSAM,Kokrajhar,0,0,0,0,0,0,0,0,0,0,0,0,0,0,0,0,0,0,0,0,0,0,0,0,0,0,0,0
ASSAM,Lakhimpur,0,0,0,0,0.07,0,0,0,0,0,0,0,0,0,0.1,0,0,0,0,0,0,0,0,0,0,0.61,0,1.59
ASSAM,Majuli,0,0,0,0,0,0,0,0,0,0,0,0,0,0,0,0,0,0,0,0,0,0,0,0,0,1.91,0,0.57
ASSAM,Morigaon,0,0,0,0,0,0,0,0,0,0,0,0,0,0,0,0,0,0,0,0,0,0,0,0,0,0,0,0.07
ASSAM,Nagaon,0,0,0,0,0,0,0,0,0,0,0,0,0,0,0,0,0,0,0,0,0,0,0,0,0,0.06,0.58,2.02
ASSAM,Nalbari,0,0,0,0,0,0,0,0,0,0,0,0,0,0,0,0,0,0,0,0,0,0,0,0,0,0,0,0
ASSAM,Sivasagar,0,0,0,0,0.03,0,0,0,0,0,0,0,0,0,0,0,0,0,0,0,0,0,0,0,0,0.83,0,1.23
ASSAM,Sonitpur,0,0,0,0,0,0,0,0,0,0,0,0,0,0,0.18,0,0,0,0,0,0,0,0.44,0,0,0.94,0.35,2.44
ASSAM,South Salmara Mancachar,0,0,0,0,0,0,0,0,0,0,0,0,0,0,0,0,0,0,0,0,0,0,0,0,0,0,0,0
ASSAM,Tinsukia,0,0,0,0,1.73,0,0,0,0,0,0,0,0,0,0,0.13,0,0,0,0,0,0,0.86,0,0.14,0,0,1.85
ASSAM,Udalguri,0,0,0,0,0,0,0,0,0,0,0,0,0.02,0,0,0,0,0,0,0,0,0,0,0,0,0,0.03,0.34
ASSAM,West Karbi Anglong,0,0,0,0,0,0,0,0,0,0,0,0,0,0,0,0,0,0,0,0,0,0,0,0,0,0,0,0
BIHAR,Araria,0,0,0,0,0,0,0,0,0,0,0,0,0,0,0,0,0,0,0,0,0,0,0,0,0,0,0,0
BIHAR,Arwal,0,0,0,0,0,0,0,0,0,0,0,0,0,0,0,0,0,0,0,0,0,0,0,0,0,0,0,0
BIHAR,Aurangabad,0,0,0,0,0,0,0,0,0,0,0,0,0,0,0,0,0,0,0,0,0,0,0,0,0,0,0,0
BIHAR,Banka,0,0,0,0,0,0,0,0,0,0,0,0,0,0,0,0,0,0,0,0,0,0,0,0,0,0,0,0
BIHAR,Begusarai,0,0,0,0,0,0,0,0,0,0,0,0,0,0,0,0,0,0,0,0,0,0,0,0,0,0,0,0
BIHAR,Bhagalpur,0,0,0,0,0,0,0,0,0,0,0,0,0,0,0,0,0,0,0,0,0,0,0,0,0,0,0,0
BIHAR,Bhojpur,0,0,0,0,0,0,0,0,0,0,0,0,0,0,0,0,0,0,0,0,0,0,0,0,0,0,0,0
BIHAR,Buxar,0,0,0,0,0,0,0,0,0,0,0,0,0,0,0,0,0,0,0,0,0,0,0,0,0,0,0,0
BIHAR,Darbhanga,0,0,0,0,0,0,0,0,0,0,0,0,0,0,0,0,0,0,0,0,0,0,0,0,0,0,0,0
BIHAR,Gaya,0,0,0,0,0,0,0,0,0,0,0,0,0,0,0,0,0,0,0,0,0,0,0,0.31,0,0,0,0
BIHAR,Gopalganj,0,0,0,0,0,0,0,0,0,0,0,0,0,0,0,0,0,0,0,0,0,0,0,0,0,0,0,0
BIHAR,Jamui,0,0,0,0,0,0,0,0,0,0,0,0,0,0,0,0,0,0,0,0,0,0,0,0,0,0,0,0
BIHAR,Jehanabad,0,0,0,0,0,0,0,0,0,0,0,0,0,0,0,0,0,0,0,0,0,0,0,0,0,0,0,0
BIHAR,Kaimur (bhabua),0,0,0,0,0,0,0,0,0,0,0,0,0,0,0,0,0,0,0,0,0,0,0,0,0,0,0,0
BIHAR,Katihar,0,0,0,0,0,0,0,0,0,0,0,0,0,0,0,0,0,0,0,0,0,0,0,0,0,0,0,0
BIHAR,Khagaria,0,0,0,0,0,0,0,0,0,0,0,0,0,0,0,0,0,0,0,0,0,0,0,0,0,0,0,0
BIHAR,Kishanganj,0,0,0,0,0,0,0,0,0,0,0,0,0,0,0,0,0,0,0,0,0,0,0,0,0,0,0.03,0
BIHAR,Lakhisarai,0,0,0,0,0,0,0,0,0,0,0,0,0,0,0,0,0,0,0,0,0,0,0,0,0,0,0,0
BIHAR,Madhepura,0,0,0,0,0,0,0,0,0,0,0,0,0,0,0,0,0,0,0,0,0,0,0,0,0,0,0,0
BIHAR,Madhubani,0,0,0,0,0,0,0,0,0,0,0,0,0,0,0,0,0,0,0,0,0,0,0,0,0,0,0,0
BIHAR,Munger,0,0,0,0,0,0,0,0,0,0,0,0,0,0,0,0,0,0,0,0,0,0,0,0,0,0,0,0
BIHAR,Muzaffarpur,0,0,0,0,0,0,0,0,0,0,0,0,0,0,0,0,0,0,0,0,0,0,0,0,0,0,0,0
BIHAR,Nalanda,0,0,0,0,0,0,0,0,0,0,0,0,0,0,0,0,0,0,0,0,0,0,0,0,0,0,0,0
BIHAR,Nawada,0,0,0,0,0,0,0,0,0,0,0,0,0,0,0,0,0,0,0,0,0,0,0,0,0,0,0,0
BIHAR,Pashchim Champaran,0,0,0,0,0,0,0,0,0,0,0,0,0,0,0,0,0,0,0,0,0,0,0,0,0,0,0,0
BIHAR,Patna,0,0,0,0,0,0,0,0,0,0,0,0,0,0,0,0,0,0,0,0,0,0,0,0,0,0,0,0
BIHAR,Purba Champaran,0,0,0,0,0,0,0,0,0,0,0,0,0,0,0,0,0,0,0,0,0,0,0,0,0,0,0,0
BIHAR,Purnia,0,0,0,0,0,0,0,0,0,0,0,0,0,0,0,0,0,0,0,0,0,0,0,0,0,0,0,0
BIHAR,Rohtas,0,0,0,0,0,0,0,0,0,0,0,0,0,0,0,0,0,0,0,0,0,0,0,0,0,0,0,0
BIHAR,Saharsa,0,0,0,0,0,0,0,0,0,0,0,0,0,0,0,0,0,0,0,0,0,0,0,0,0,0,0,0
BIHAR,Samastipur,0,0,0,0,0,0,0,0,0,0,0,0,0,0,0,0,0,0,0,0,0,0,0,0,0,0,0,0
BIHAR,Saran,0,0,0,0,0,0,0,0,0,0,0,0,0,0,0,0,0,0,0,0,0,0,0,0,0,0,0,0
BIHAR,Sheikhpura,0,0,0,0,0,0,0,0,0,0,0,0,0,0,0,0,0,0,0,0,0,0,0,0,0,0,0,0
BIHAR,Sheohar,0,0,0,0,0,0,0,0,0,0,0,0,0,0,0,0,0,0,0,0,0,0,0,0,0,0,0,0
BIHAR,Sitamarhi,0,0,0,0,0,0,0,0,0,0,0,0,0,0,0,0,0,0,0,0,0,0,0,0,0,0,0,0
BIHAR,Siwan,0,0,0,0,0,0,0,0,0,0,0,0,0,0,0,0,0,0,0,0,0,0,0,0,0,0,0,0
BIHAR,Supaul,0,0,0,0,0,0,0,0,0,0,0,0,0,0,0,0,0,0,0,0,0,0,0,0,0,0,0,0
BIHAR,Vaishali,0,0,0,0,0,0,0,0,0,0,0,0,0,0,0,0,0,0,0,0,0,0,0,0,0,0,0,0
CHANDIGARH,Chandigarh,2.14,0,0,0,0,0,0,0,0,0,0,0,0,0,0,0,0,0,0.06,0,0,0,0,0,0,0,0,0
CHHATTISGARH,Balod,0,0,0,0,0,0,0,0,0,0,0,0,0,0,0,0,0,0,0,0,0,0,0,0.09,0,0,0,0
CHHATTISGARH,Baloda Bazar,0,0,0,0,0,0,0,0,0,0,0,0,0,0,0,0,0,0,0,0,0,0,0,0,0,0,0,0
CHHATTISGARH,Balrampur,0,0,0,0,0,0,0,0,0,0,0,0,0,0,0,0,0,0,0,0,0,0,0,7.12,0,0,0,0
CHHATTISGARH,Bametara,0,0,0,0,0,0,0,0,0,0,0,0,0,0,0,0,0,0,0,0,0,0,0,0,0,0,0,0
CHHATTISGARH,Bastar,0,0,0,0,0,0,0,0,0,0,0,0,0,0,0,0,0,0,0,0,0,0,0,0.01,1.51,0,0,0
CHHATTISGARH,Bijapur,0,0,0,0,0,0,0,0,0,0,0,0,0,0,0,0,0,0,0,0,0,0,0,2.8,0,0.11,0,0
CHHATTISGARH,Bilaspur,0,0,0,0,0,0,0,0,0,0,0,0,0,0,0,0,0,0,0,0,0,0,0,0,0.08,0,0,0
CHHATTISGARH,Dantewada,0,0,0,0,0,0,0,0,0,0,0,0,0,0,0,0,0,0,0,0,0,0,0,0,0.37,0,0,0
CHHATTISGARH,Dhamtari,0,0,0,0,0,0,0,0,0,0,0,0,0,0,0,0,0,0,0,0,0,0,0,0.02,0,0,0,0
CHHATTISGARH,Durg,0,0,0,0,0,0,0,0,0,0,0,0,0,0,0,0,0,0,0,0,0,0,0,0,0,0,0,0
CHHATTISGARH,Gariaband,0,0,0,0,0,0,0,0,0,0,0,0,0,0,0,0,0,0,0,0,0,0,0,0.87,1.08,0,0,0
CHHATTISGARH,Gaurela-Pendra-Marwahi,0,0,0,0,0,0,0,0,0,0,0,0,0,0,0,0,0,0,0,0,0,0,0,0.08,0,0,0,0
CHHATTISGARH,Janjgir - Champa,0,0,0,0,0,0,0,0,0,0,0,0,0,0,0,0,0,0,0,0,0,0,0,0,0,0,0,0
CHHATTISGARH,Jashpur,0,0,0,0,0,0,0,0,0,0,0,0,0,0,0,0,0,0,0,0,0,0,0,0.02,0,0,0,0
CHHATTISGARH,Kabeerdham,0,0,0,0,0,0,0,0,0,0,0,0,0,0,0,0,0,0,0,0,0,0,0,0,0,0,0,0
CHHATTISGARH,Kanker,0,0,0,0,0,0,0,0,0,0,0,0,0,0,0,0,0,0,0,0,0,0,0,0,0,0,0,0
CHHATTISGARH,Khairagarh,0,0,0,0,0,0,0,0,0,0,0,0,0,0,0,0,0,0,0,0,0,0,0,0,0,0,0,0
CHHATTISGARH,Kondagaon,0,0,0,0,0,0,0,0,0,0,0,0,0,0,0,0,0,0,0,0,0,0,0,0,0.02,0,0,0
CHHATTISGARH,Korba,0,0,0,0,0,0,0,0,0,0,0,0,0,0,0,0,0,0,0,0,0,0,0,0,0,0,0,0
CHHATTISGARH,Koriya,0,0,0,1.3,0,0,0,0,0,0,0,0,0,0,0,0,0,0,0,0,0,0,0,1.29,0,0,0,0
CHHATTISGARH,Mahasamund,0,0,0,0,0,0,0,0,0,0,0,0,0,0,0,0,0,0,0,0,0,0,0,0,0.93,0,0,0
CHHATTISGARH,Mahendragarh,0,0,0,2.03,0,0,0,0,0,0,0,0,0,0,0,0,0,0,0,0,0,0,0,0.48,0,0,0,0
CHHATTISGARH,Mohla_manpur,0,0,0,0,0,0,0,0,0,0,0,0,0,0,0,0,0,0,0,0,0,0,0,0.55,0,0,0,0
CHHATTISGARH,Mungeli,0,0,0,0.38,0.11,0,0,0,0,0,0,0,0,0,0,0,0,0,0,0,0,0,0,0.02,0.04,0,0,0
CHHATTISGARH,Narayanpur,0,0,0,0,0,0,0,0,0,0,0,0,0,0,0,0,0,0,0,0,0,0,0,10.5,0,0,0,0
CHHATTISGARH,Raigarh,0,0,0,0,0,0,0,0,0,0,0,0,0,0,0,0,0,0,0,0,0,0,0,0,0,0,0,0
CHHATTISGARH,Raipur,0,0,0,0,0,0,0,0,0,0,0,0,0,0,0,0,0,0,0,0,0,0,0,0,0,0,0,0
CHHATTISGARH,Rajnandgaon,0,0,0,0,0,0,0,0,0,0,0,0,0,0,0,0,0,0,0,0,0,0,0,0.45,0,0,0,0
CHHATTISGARH,Sakti,0,0,0,0,0,0,0,0,0,0,0,0,0,0,0,0,0,0,0,0,0,0,0,0,0,0,0,0
CHHATTISGARH,Sarangarh,0,0,0,0,0,0,0,0,0,0,0,0,0,0,0,0,0,0,0,0,0,0,0,0.82,0,0,0,0
CHHATTISGARH,Sukma,0,0,0,0,0,0,0,0,0,0,0,0,0,0,0,0,0,0,0,0,0,0,0,5.95,0,1.15,0,0
CHHATTISGARH,Surajpur,0,0,0,0,0,0,0,0,0,0,0,0,0,0,0,0,0,0,0,0,0,0,0,5.53,0,0,0,0
CHHATTISGARH,Surguja,0,0,0,0,0,0,0,0,0,0,0,0,0,0,0,0,0,0,0,0,0,0,0,0.07,0,0,0,0
"DADRA,NAGAR HAVELI,DAMAN & DIU",Dadra & Nagar Haveli,0,0,0,0,0,0,0,0,0,0,0,0,0,0,0,0,0,0,0,0,0,0,0,0,0,0,0,0
"DADRA,NAGAR HAVELI,DAMAN & DIU",Daman,0,0,0,0,0,0,0,0,0,0,0,0,0,0,0,0,0,0,0,0,0,0,0,0,0,0,0,0
"DADRA,NAGAR HAVELI,DAMAN & DIU",Diu,0,0,0,0,0,0,0,0,0,0,0,0,0,0,0,0,0,0,0,0,0,0,0,0,0,0,0,0
DELHI,Central,0.06,0.27,0,0,0,0,0,0,0,0,0,0,0,0,0,0,0,0,0,0,0,0,0,0,0,0,0,0
DELHI,East,0.63,0.09,0,0,0,0,0,0,0,0,0,0,0,0,0,0,0,0,0,0,0,0,0,0,0,0,0,0
DELHI,New Delhi,0.63,0.09,0,0,0,0,0,0,0,0,0,0,0,0,0,0,0,0,0,0,0,0,0,0,0,0,0,0
DELHI,North,0.2,0.38,0,0,0,0,0,0,0,0,0,0,0,0,0,0,0,0.12,0.2,0,0,0,0,0,0,0,0,0
DELHI,North East,0.06,0.27,0,0,0,0,0,0,0,0,0,0,0,0,0,0,0,0,0,0,0,0,0,0,0,0,0,0
DELHI,North West,0.2,0.38,0,0,0,0,0,0,0,0,0,0,0,0,0,0,0,0.12,0.2,0,0,0,0,0,0,0,0,0
DELHI,Shahdara,0.06,0.27,0,0,0,0,0,0,0,0,0,0,0,0,0,0,0,0,0,0,0,0,0,0,0,0,0,0
DELHI,South,0.63,0.09,0,0,0,0,0,0,0,0,0,0,0,0,0,0,0,0,0,0,0,0,0,0,0,0,0,0
DELHI,South East,0.63,0.09,0,0,0,0,0,0,0,0,0,0,0,0,0,0,0,0,0,0,0,0,0,0,0,0,0,0
DELHI,South West,0.06,0,0,0,0,0,0,0,0,0,0,0,0,0,0,0,0,0.58,0.82,0,0,0,0,0,0,0,0,0
DELHI,West,0.2,0.38,0,0,0,0,0,0,0,0,0,0,0,0,0,0,0,0.12,0.2,0,0,0,0,0,0,0,0,0
GOA,North Goa,0,0,0,0,0,0,0,0,0,0,0,0,0,0,0,0,0,0,0,0,0,0,0,0,0.42,0,0,0
GOA,South Goa,0,0,0,0,0,0,0,0,0,0,0,0,0,0,0,0,0,0,0,0,0,0,0,0,0.09,0.34,0,0
GUJARAT,Ahmadabad,0,0,0,0,0,0,0,0,0,0,0,0,0,0,0,0,0,0,0,0,0,0,0,0,0,0,0,0
GUJARAT,Amreli,0,0,0,0,0,0,0,0,0,0,0,0,0,0,0,0,0,0,0,0,0,0,0,0,0,0,0,0
GUJARAT,Anand,0,0,0,0,0,0,0,0,0,0,0,0,0,0,0,0,0,0,0,0,0,0,0,0,0,0,0,0
GUJARAT,Aravalli,0,0,0,0,0,0,0,0,0,0,0,0,0,0,0,0,0,0,0,0,0,0,0,0,0,0,0,0
GUJARAT,Banas Kantha,0,0,0,0,0,0,0,0,0,0,0,0,0,0,0,0,0,0,0,0,0,0,0,0,0,0,0,0
GUJARAT,Bharuch,0,0,0,0,0,0,0,0,0,0,0,0,0,0,0,0,0,0,0,0,0,0,0,0.38,0,0,0,0
GUJARAT,Bhavnagar,0,0,0,0,0,0,0,0,0,0,0,0,0,0,0,0,0,0,0,0,0,0,0,0,0,0,0,0
GUJARAT,Botad,0,0,0,0,0,0,0,0,0,0,0,0,0,0,0,0,0,0,0,0,0,0,0,0,0,0,0,0
GUJARAT,Chota Udaipur,0,0,0,0,0,0,0,0,0,0,0,0,0,0,0,0,0,0,0,0.53,0.38,0,0,0.02,0,0,0,0
GUJARAT,Devbhumi Dwarka,0,0,0,0,0,0,0,0,0,0,0,0,0,0,0,0,0,0,0,0,0,0,0,0,0,0,0,0
GUJARAT,Dohad,0,0,0,0,0,0,0,0,0,0,0,0,0,0,0,0,0,0,0,0.02,3.23,0,0,0,0,0,0,0
GUJARAT,Gandhinagar,0,0,0,0,0,0,0,0,0,0,0,0,0,0,0,0,0,0,0,0,0,0,0,0,0,0,0,0
GUJARAT,Gir Somnath,0,0,0,0,0,0,0,0,0,0,0,0,0,0,0,0,0,0,0,0,0,0,0,0,0,0,0,0
GUJARAT,Jamnagar,0,0,0,0,0,0,0,0,0,0,0,0,0,0,0,0,0,0,0,0,0,0,0,0,0,0,0,0
GUJARAT,Junagadh,0,0,0,0,0,0,0,0,0,0,0,0,0,0,0,0,0,0,0,0,0,0,0,0,0,0,0,0
GUJARAT,Kachchh,0,0,0,0,0,0,0,0,0,0,0,0,0,0,0,0,0,0,0,0,0,0,0,0,0,0,0,0
GUJARAT,Kheda,0,0,0,0,0,0,0,0,0,0,0,0,0,0,0,0,0,0,0,0,0,0,0,0,0,0,0,0
GUJARAT,Mahesana,0,0,0,0,0,0,0,0,0,0,0,0,0,0,0,0,0,0,0,0,0,0,0,0,0,0,0,0
GUJARAT,Mahisagar,0,0,0.47,0,0,0,0,0,0,0,0,0,0,0,0,0,0,0,0,0,0.16,0,0,0,0,0,0,0
GUJARAT,Morbi,0,0,0,0,0,0,0,0,0,0,0,0,0,0,0,0,0,0,0,0,0,0,0,0,0,0,0,0
GUJARAT,Narmada,0,0,0,0,0,0,0,0,0,0,0,0,0,0,0,0,0,0,0,0,0,0,0,0.11,0,0,0,0
GUJARAT,Navsari,0,0,0,0,0,0,0,0,0,0,0,0,0,0,0,0,0,0,0,0.09,0,0,0,0,0,0,0,0
GUJARAT,Panch Mahals,0,0,0.19,0,0,0,0,0,0,0,0,0,0,0,0,0,0,0,0,0,0.77,0,0,0,0,0,0,0
GUJARAT,Patan,0,0,0,0,0,0,0,0,0,0,0,0,0,0,0,0,0,0,0,0,0,0,0,0,0,0,0,0
GUJARAT,Porbandar,0,0,0,0,0,0,0,0,0,0,0,0,0,0,0,0,0,0,0,0,0,0,0,0,0,0,0,0
GUJARAT,Rajkot,0,0,0,0,0,0,0,0,0,0,0,0,0,0,0,0,0,0,0,0,0,0,0,0,0,0,0,0
GUJARAT,Sabar Kantha,0,0,0,0,0,0,0,0,0,0,0,0,0,0,0,0,0,0,0,0,0,0,0,0,0,0,0,0
GUJARAT,Surat,0,0,0,0,0,0,0,0,0,0,0,0,0,0,0,0,0,0,0,0.77,0,0,0,0.04,0,0,0,0
GUJARAT,Surendranagar,0,0,0,0,0,0,0,0,0,0,0,0,0,0,0,0,0,0,0,0,0,0,0,0,0,0,0,0
GUJARAT,Tapi,0,0,0,0,0,0,0,0,0,0,0,0,0,0,0,0,0,0,0,0,0,0,0,0,0,0,0,0
GUJARAT,The Dangs,0,0,0,0,0,0,0,0,0,0,0,0,0,0,0,0,0,0,0,0,0,0,0,0,0,0,0,0
GUJARAT,Vadodara,0,0,0,0,0,0,0,0,0,0,0,0,0,0,0,0,0,0,0,0,0.12,0,0,0.14,0,0,0,0
GUJARAT,Valsad,0,0,0,0,0,0,0,0,0,0,0,0,0,0,0,0,0,0,0,0,0,0,0,0,0,0,0,0
HARYANA,Ambala,3.9,0,0,0,0,0,0,0,0,0,0,0,0,0,0,0,0,0,0,0,0,0,0,0,0,0,0,0
HARYANA,Bhiwani,0,0,0,0,0,0,0,0,0,0,0.77,0,0,0,0,0,0,0.49,2.24,0,0,0,0,0,0,0,0,0
HARYANA,Charki Dadri,0.16,0,0,0,0,0,0,0,0,0,1.1,0,0,0,0,0,0,0.35,2.91,0,0,0,0,0,0,0,0,0
HARYANA,Faridabad,1.81,0.08,0,0,0,0,0,0,0,0,0,0,0,0,0,0,0,0,2.71,0,0,0,0,0,0,0,0,0
HARYANA,Fatehabad,0.93,0,0,0,0,0,0,0,0,0,0.18,0,0,0,0,0,0,2.11,0.56,0,0,0,0,0,0,0,0,0
HARYANA,Gurugram,0.03,0,0,0,0,0,0,0,0,0,0,0,0,0,0,0,0,0.4,1.6,0,0,0,0,0,0,0,0,0
HARYANA,Hisar,0.02,0,0,0,0,0,0,0,0,0,0.72,0,0,0,0,0,0,1.49,3.72,0,0,0,0,0,0,0,0,0
HARYANA,Jhajjar,0.44,0.24,0,0,0,0,0,0,0,0,0.24,0,0,0,0,0,0,0.27,3.15,0,0,0,0,0,0,0,0,0
HARYANA,Jind,0.54,0,0,0,0,0,0,0,0,0,0,0,0,0,0,0,0,0.42,1.28,0,0,0,0,0,0,0,0,0
HARYANA,Kaithal,0.66,0.17,0,0,0,0,0,0,0,0,0,0,0,0,0,0,0,0,0,0,0,0,0,0,0,0,0,0
HARYANA,Karnal,1.58,0.32,0,0,0,0,0,0,0,0,0,0,0,0,0,0,0,0,0.39,0,0,0,0,0,0,0,0,0
HARYANA,Kurukshetra,5.31,0,0,0,0,0,0,0,0,0,0,0,0,0,0,0,0,0,0,0,0,0,0,0,0,0,0,0
HARYANA,Mahendragarh,0,0,0,0,0,0,0,0,0,0,0,0,0,0,0,0,0,4.75,2.67,0,0,0,0,0,0,0,0,0
HARYANA,Nuh,3.72,0,0,0,0,0,0,0,0,0,0,0,0,0,0,0,0,0.34,2.48,0,0,0,0,0,0,0,0,0
HARYANA,Palwal,2.12,0.02,0,0,0,0,0,0,0,0,0,0,0,0,0,0,0,0.04,2.22,0,0,0,0,0,0,0,0,0
HARYANA,Panchkula,2.6,1.17,0,0,0,0,0,0,0,0,0,0,0,0,0,0,0,0,0,0,0,0,0,0,0,0,0,0
HARYANA,Panipat,0.96,0,0,0,0,0,0,0,0,0,0,0,0,0,0,0,0,0,0.2,0,0,0,0,0,0,0,0,0
HARYANA,Rewari,0,0,0,0,0,0,0,0,0,0,0,0,0,0,0,0,0,6.97,3.72,0,0,0,0,0,0,0,0,0
HARYANA,Rohtak,0,0,0,0,0,0,0,0,0,0,0,0,0,0,0,0,0,0.19,3.49,0,0,0,0,0,0,0,0,0
HARYANA,Sirsa,0,0,0,0,0,0,0,0,0,0,0.04,0,0,0,0,0,0,2.63,0.05,0,0,0,0,0,0,0,0,0
HARYANA,Sonipat,5,0,0,0,0,0,0,0,0,0,0,0,0,0,0,0,0,0,1.12,0,0,0,0,0,0,0,0,0
HARYANA,Yamunanagar,0.73,0,0,0,0,0,0,0,0,0,0,0,0,0,0,0,0,0,0.16,0,0,0,0,0,0,0,0,0
HIMACHAL PRADESH,Bilaspur,1.11,5.23,0,0.28,0,0,0,0,0,0,0,0,0,0,0,0,0,0,0,0,0,0,0,0,0,0,0,0
HIMACHAL PRADESH,Chamba,1.11,10.83,3.23,2.08,0,0,0,0,0,0,0.84,0,0,0,0,0,0,0,0.07,0,0,0,0,0,0.17,0,0.04,0
HIMACHAL PRADESH,Hamirpur,1.72,5.01,0.51,1.42,0,0,0,0,0,0,0,0,0,0,0,0,0,0,0,0,0,0,0,0,0,0,0,0
HIMACHAL PRADESH,Kangra,2.4,9.05,3.15,2.4,0,0,0,0,0,0,0,0,0,0,0,0,0,0,0.12,0,0,0,0,0,0.02,0,0.18,0
HIMACHAL PRADESH,Kinnaur,1.37,11.75,3.91,5.26,0,0,0,0,0,0,0,0,0,0,0,0,0,0,0.01,0,0,0,0.82,0,0.11,0,0,0
HIMACHAL PRADESH,Kullu,3.87,14.92,5.7,4.03,0,0,0,0,0,0,0,0,0,0,0,0,0,0,0.14,0,0,0,0.86,0,0,0,0,0
HIMACHAL PRADESH,Lahul & Spiti,3.54,6.89,5.05,1.58,0,0,0,0,0,0,0.03,0,0,0,0,0,0,0,0.07,0,0,0,0.15,0,0.02,0,0,0
HIMACHAL PRADESH,Mandi,1.24,12.07,1.72,3.09,0,0,0,0,0,0,0,0,0,0,0,0,0,0,0,0,0,0,0,0,0,0,0,0
HIMACHAL PRADESH,Shimla,2.84,10.4,2.28,0.95,0,0,0,0,0,0,0,0,0,0,0,0,0,0,0.09,0,0,0,0.56,0,0.19,0,0,0
HIMACHAL PRADESH,Sirmaur,1.93,1.99,0,0.03,0,0,0,0,0,0,0,0,0,0,0,0,0,0,0,0,0,0,0,0,0,0,0,0
HIMACHAL PRADESH,Solan,3.2,4.16,0,1.82,0,0,0,0,0,0,0,0,0,0,0,0,0,0,0,0,0,0,0,0,0,0,0,0
HIMACHAL PRADESH,Una,0.84,2.82,0,0,0,0,0,0,0,0,0,0,0,0,0,0,0,0,0,0,0,0,0,0,0,0,0,0
JAMMU & KASHMIR,Anantnag,1.87,1.16,3.79,2.13,0,0,0.51,0,0,0.02,3.85,0,0,0,0,0,0,0,0,0,0,0,0,0,0,0,0,0.01
JAMMU & KASHMIR,Badgam,0.21,0.79,0.39,1.99,0,0,1.83,0,0,0.81,3.62,0,0,0,0,0,0,0,0,0,0,0,0,0,0,0,0,0
JAMMU & KASHMIR,Bandipore,3.03,4.67,1.61,4.46,0,0,1.65,0,0,2.43,4.78,0,0,0,0,0,0,0,0,0,0,0,0,0,0,0,0,0
JAMMU & KASHMIR,Baramula,0.09,0.15,0.29,4.54,0,0,2.21,0,0,1.34,9.84,0,0,0,0,0,0,0,0,0,0,0,0,0,0,0,0,0
JAMMU & KASHMIR,Doda,10.19,22.87,0.97,1.2,0,0,0,0,0,0,1.01,0,0,0,0,0,0,0,0,0,0,0,0,0,0,0,0,0.05
JAMMU & KASHMIR,Ganderbal,2.98,4.87,1.3,4.33,0,0,2.28,0,0,1.49,4.53,0,0,0,0,0,0,0,0,0,0,0,0,0,0,0,0,0
JAMMU & KASHMIR,Jammu,0.04,1.59,0.01,0.1,0,0,0,0,0,0,2.24,0,0,0,0,0,0,0,0,0,0,0,0,0,0,0,0,0
JAMMU & KASHMIR,Kathua,4.41,13.75,0.2,0.14,0,0,0,0,0,0,1.15,0,0,0,0,0,0,0,0,0,0,0,0,0,0,0,0,0.02
JAMMU & KASHMIR,Kishtwar,3.02,11.75,3.34,1.89,0,0,0.12,0,0,0.02,1.91,0,0,0,0,0,0,0,0.01,0,0,0,0,0,0.02,0,0,0.01
JAMMU & KASHMIR,Kulgam,0.68,0.9,5.27,0.77,0,0,0,0,0,0,1.36,0,0,0,0,0,0,0,0,0,0,0,0,0,0,0,0,0.03
JAMMU & KASHMIR,Kupwara,0.76,0,1.16,3.55,0,0,1.4,0,0,2.51,9.33,0,0,0,0,0,0,0,0,0,0,0,0,0,0,0,0,0
JAMMU & KASHMIR,Mirpur,0,0.65,0,2.12,0,0,0.9,0,0,0.11,2.64,0,0,0,0,0,0,0,0,0,0,0,0,0,0,0,0,0
JAMMU & KASHMIR,Muzaffarabad,0.19,0.02,0.31,4.12,0,0,1.85,0,0,1.58,11.26,0,0,0,0,0,0,0,0,0,0,0,0,0,0,0,0,0
JAMMU & KASHMIR,Pulwama,1.42,0.74,1.77,2.42,0,0,1.24,0,0,0.23,3.25,0,0,0,0,0,0,0,0,0,0,0,0,0,0,0,0,0
JAMMU & KASHMIR,Punch,0,0.41,0.03,4,0,0,3.07,0,0,0.81,8.9,0,0,0,0,0,0,0,0,0,0,0,0,0,0,0,0,0
JAMMU & KASHMIR,Rajouri,0.07,1.25,0.25,1.04,0,0,0.1,0,0,0,1.21,0,0,0,0,0,0,0,0,0,0,0,0,0,0,0,0,0
JAMMU & KASHMIR,Ramban,0.99,7.88,0.59,3.98,0,0,0,0,0,0,1.03,0,0,0,0,0,0,0,0,0,0,0,0,0,0,0,0,0.03
JAMMU & KASHMIR,Reasi,0.52,4.16,1.05,0.94,0,0,0,0,0,0,2.73,0,0,0,0,0,0,0,0,0,0,0,0,0,0,0,0,0.09
JAMMU & KASHMIR,Samba,0,0.1,0,0,0,0,0,0,0,0,3.41,0,0,0,0,0,0,0,0,0,0,0,0,0,0,0,0,0
JAMMU & KASHMIR,Shupiyan,0.16,0.14,0.52,0.37,0,0,0,0,0,0,0.69,0,0,0,0,0,0,0,0,0,0,0,0,0,0,0,0,0
JAMMU & KASHMIR,Srinagar,0.64,1.02,0.87,2.23,0,0,0.61,0,0,0,1.24,0,0,0,0,0,0,0,0,0,0,0,0,0,0,0,0,0
JAMMU & KASHMIR,Udhampur,4,11.87,0.33,3.61,0,0,0,0,0,0,0.91,0,0,0,0,0,0,0,0,0,0,0,0,0,0,0,0,0.02
JHARKHAND,Bokaro,0,0,0,0,0,0,0,0,0,0,0,0,0,0,0,0,0,0,0,0,0,0,0,1.75,0,0,0,0
JHARKHAND,Chatra,0,0,0,0,0,0,0,0,0,0,0,0,0,0,0,0,0,0,0,0,0,0,0,0.51,0,0,0,0
JHARKHAND,Deoghar,0,0,0,0,0,0,0,0,0,0,0,0,0,0,0,0,0,0,0,0,0,0,0,0,0,0,0,0
JHARKHAND,Dhanbad,0,0,0,0,0,0,0,0,0,0,0,0,0,0,0,0,0,0,0,0,0,0,0,1.43,0,0,0,0
JHARKHAND,Dumka,0,0,0,0,0,0,0,0,0,0,0,0,0,0,0,0,0,0,0,0,0,0,0,0.77,0,0,0,0
JHARKHAND,Garhwa,0,0,0,0,0,0,0,0,0,0,0,0,0,0,0,0,0,0,0,0,0,0,0,1.8,0,0,0,0
JHARKHAND,Giridih,0,0,0,0,0,0,0,0,0,0,0,0,0,0,0,0,0,0,0,0,0,0,0,0.18,0,0,0,0
JHARKHAND,Godda,0,0,0,0,0,0,0,0,0,0,0,0,0,0,0,0,0,0,0,0,0,0,0,0,0,0,0,0
JHARKHAND,Gumla,0,0,0,0,0,0,0,0,0,0,0,0,0,0,0,0,0,0,0,0,0,0,0,1.04,0,0,0,0
JHARKHAND,Hazaribagh,0,0,0,0,0,0,0,0,0,0,0,0,0,0,0,0,0,0,0,0,0,0,0,0.51,0,0,0,0
JHARKHAND,Jamtara,0,0,0,0,0,0,0,0,0,0,0,0,0,0,0,0,0,0,0,0,0,0,0,0.13,0,0,0,0
JHARKHAND,Khunti,0,0,0,0,0,0,0,0,0,0,0,0,0,0,0,0,0,0,0,0,0,0,0,0.32,0,0,0,0
JHARKHAND,Kodarma,0,0,0,0,0,0,0,0,0,0,0,0,0,0,0,0,0,0,0,0,0,0,0,0,0,0,0,0
JHARKHAND,Latehar,0,0,0,0,0,0,0,0,0,0,0,0,0,0,0,0,0,0,0,0,0,0,0,0.23,0,0,0,0
JHARKHAND,Lohardaga,0,0,0,0,0,0,0,0,0,0,0,0,0,0,0,0,0,0,0,0,0,0,0,1.46,0,0,0,0
JHARKHAND,Pakur,0,0,0,0,0,0,0,0,0,0,0,0,0,0,0,0,0,0,0,0,0,0,0,0,0,0,0,0
JHARKHAND,Palamu,0,0,0,0,0,0,0,0,0,0,0,0,0,0,0,0,0,0,0,0,0,0,0,0.39,0,0,0,0
JHARKHAND,Pashchimi Singhbhum,0,0,0,0,0,0,0,0,0,0,0,0,0,0,0,0,0,0,0,0,0,0,0,5.45,0.62,0,0,0
JHARKHAND,Purbi Singhbhum,0,0,0,0,0,0,0,0,0,0,0,0,0,0,0,0,0,0,0,0,0,0,0,2.64,1.88,0,0,0
JHARKHAND,Ramgarh,0,0,0,0,0,0,0,0,0,0,0,0,0,0,0,0,0,0,0,0,0,0,0,2.61,0,0,0,0
JHARKHAND,Ranchi,0,0,0,0,0,0,0,0,0,0,0,0,0,0,0,0,0,0,0,0,0,0,0,1.48,0,0,0,0
JHARKHAND,Sahibganj,0,0,0,0,0,0,0,0,0,0,0,0,0,0,0,0,0,0,0,0,0,0,0,0,0,0,0,0
JHARKHAND,Saraikela-kharsawan,0,0,0,0,0,0,0,0,0,0,0,0,0,0,0,0,0,0,0,0,0,0,0,2.13,0,0,0,0
JHARKHAND,Simdega,0,0,0,0,0,0,0,0,0,0,0,0,0,0,0,0,0,0,0,0,0,0,0,0.08,0.02,0,0,0
KARNATAKA,Bagalkote,0,0,0,0,0,0,0,0,0,0,0,0,0,0,0,0,0,0,0,0,0,0,0,1.96,0,0,0,0
KARNATAKA,Ballari,0,0,0,0,0,0,0,0,0,0,0,0,0,0,0,0,0,0,0,0,0,0,0,0,0,0,0,0
KARNATAKA,Bangalore,0,0,0,0,0,0,0,0,0,0,0,0,0,0,0,0,0,0,0,0,0,0,0,0,0,0,0,0
KARNATAKA,Belagavi,0,0,0,0,0,0,0,0,0,0,0,0,0,0,0,0,0,0,0,0,0,0,0,1.17,0.71,0.01,0,0
KARNATAKA,Bengaluru Rural,0,0,0,0,0,0,0,0,0,0,0,0,0,0,0,0,0,0,0,0,0,0,0,0,0,0,0,0
KARNATAKA,Bidar,0,0,0,0,0,0,0,0,0,0,0,0,0,0,0,0,0,0,0,0,0,0.06,0.82,1.32,1.12,0,0,0
KARNATAKA,Chamarajanagara,0,0,0,0,0,0,0,0,0,0,0,0,0,0,0,0,0,0,0,0,0,0.25,0,0,1.6,0.06,0.04,0.57
KARNATAKA,Chikkaballapura,0,0,0,0,0,0,0,0,0,0,0,0,0,0,0,0,0,0,0,0,0,0,0,0,0,0,0,0
KARNATAKA,Chikkamagaluru,0,0,0,0,0,0,0,0,0,0,0,0,0,0,0,0,0,0,0,0,0,0,0,0,0,0.69,0,0
KARNATAKA,Chitradurga,0,0,0,0,0,0,0,0,0,0,0,0,0,0,0,0,0,0,0,0,0,0,0,0,0,0,0,0
KARNATAKA,Dakshina Kannada,0,0,0,0,0,0,0,0,0,0,0,0,0,0,0,0,0,0,0,0,0,1.27,0,0,0.02,4.47,0,0
KARNATAKA,Davanagere,0,0,0,0,0,0,0,0,0,0,0,0,0,0,0,0,0,0,0,0,0,0,0,0,0,0,0,0
KARNATAKA,Dharwad,0,0,0,0,0,0,0,0,0,0,0,0,0,0,0,0,0,0,0,0,0,0,0,0.49,1.74,0.04,0,0
KARNATAKA,Gadag,0,0,0,0,0,0,0,0,0,0,0,0,0,0,0,0,0,0,0,0,0,0,0,3.21,1.21,0,0,0
KARNATAKA,Hassan,0,0,0,0,0,0,0,0,0,0,0,0,0,0,0,0,0,0,0,0,0,2.07,0,0,0.09,1.46,0,0
KARNATAKA,Haveri,0,0,0,0,0,0,0,0,0,0,0,0,0,0,0,0,0,0,0,0,0,0,0,0,0.83,0,0,0
KARNATAKA,Kalaburagi,0,0,0,0,0,0,0,0,0,0,0,0,0,0,0,0,0,0,0,0,0,0.14,0,2.69,0,0,0,0
KARNATAKA,Kodagu,0,0,0.02,0,0,0,0,0,0,0,0,0,0,0,0,0,0,0,0,0,0,3.67,0,0,0.18,7.23,0,0.34
KARNATAKA,Kolar,0,0,0,0,0,0,0,0,0,0,0,0,0,0,0,0,0,0,0,0,0,0,0,0,0,0,0,0
KARNATAKA,Koppal,0,0,0,0,0,0,0,0,0,0,0,0,0,0,0,0,0,0,0,0,0,0,0,0.64,0,0,0,0
KARNATAKA,Mandya,0,0,0,0,0,0,0,0,0,0,0,0,0,0,0,0,0,0,0,0,0,6.73,0,0,2.44,4.59,0.21,0
KARNATAKA,Mysuru,0,0,0,0,0,0,0,0,0,0,0,0,0,0,0,0,0,0,0,0,0,8.21,0.07,0,9.07,0.28,0.08,0.16
KARNATAKA,Raichur,0,0,0,0,0,0,0,0,0,0,0,0,0,0,0,0,0,0,0,0,0,0,0,3.84,0.56,0,0,0
KARNATAKA,Ramanagara,0,0,0,0,0,0,0,0,0,0,0,0,0,0,0,0,0,0,0,0,0,0,0,0,0,0,0,0
KARNATAKA,Shivamogga,0,0,0,0,0,0,0,0,0,0,0,0,0,0,0,0,0,0,0,0,0,0,0,0,0,3.17,0,0
KARNATAKA,Tumakuru,0,0,0,0,0,0,0,0,0,0,0,0,0,0,0,0,0,0,0,0,0,0,0,0,0,0,0,0
KARNATAKA,Udupi,0,0,0,0,0,0,0,0,0,0,0,0,0,0,0,0,0,0,0,0,0,0,0,0,0,0.37,0,0
KARNATAKA,Uttara Kannada,0,0,0,0,0,0,0,0,0,0,0,0,0,0,0,0,0,0,0,0,0,0,0,0,3.56,0.4,0,0
KARNATAKA,Vijayanagar,0,0,0,0,0,0,0,0,0,0,0,0,0,0,0,0,0,0,0,0,0,0,0,0,0,0,0,0
KARNATAKA,Vijayapura,0,0,0,0,0,0,0,0,0,0,0,0,0,0,0,0,0,0,0,0,0,0,0,1.47,0,0,0,0
KARNATAKA,Yadgir,0,0,0,0,0,0,0,0,0,0,0,0,0,0,0,0,0,0,0,0,0,0,0,4.95,0.41,0,0,0
KERALA,Alappuzha,0,0,5.75,0.83,0,0,0,0,0,0,0,0,0,0,0.75,1.17,0,0,0.67,0,0,43.31,2.62,3.92,0.2,0.08,0,0.03
KERALA,Ernakulam,0,0,5.7,0,0,0,0,0,0,0,0,0,0,0,0,0,0,0,1.2,0,0,7.61,0,3.9,7.08,2.89,5.26,3.76
KERALA,Idukki,0,0,0,0,0,0,0,0,0,0,0,0,0,0,0,0,0,0,0,0,0,0.58,1.59,0.08,9.53,5.82,4.01,1.66
KERALA,Kannur,0,0,0.1,0,0,0,0,0,0,0,0,0,0,0,0,0,0,0,0,0,0,1.36,7.78,0.23,1.36,7.95,0.08,0
KERALA,Kasaragod,0,0,0,0,0,0,0,0,0,0,0,0,0,0,0,0,0,0,0,0,0,3.92,0,0,0,3.45,0,0
KERALA,Kollam,0,0,0,0,0,0,0,0,0,0,0,0,0,0,0,0,0,0,0,0,0,9.65,16.07,4.05,4.41,0.05,1.84,0.18
KERALA,Kottayam,0,0,6.63,0.84,0,0,0,0,0,0,0,0,0,0,0.16,1.07,0,0,0.68,0,0,20.47,0.72,3.07,12.7,2.86,10.48,2.19
KERALA,Kozhikode,0,0,0.25,0,0,0,0,0,0,0,0,0,0,0,0,0,0,1.13,1.38,0,0,7.9,4.13,0.17,2.12,0.73,9.57,0
KERALA,Malappuram,0,0,1.61,0,0,0,0,0,0,0,0,0,0,0,0,0,0,0,0,0,0.42,4.55,1.69,0.01,9.14,5.08,2.98,0.05
KERALA,Palakkad,0,0,0.39,0,0,0,0,0,0,0,0,0,0,0,0,0,0,0,0.24,0,0.07,3.01,2.03,0.38,15.1,5.92,3.98,0.76
KERALA,Pathanamthitta,0,0,0.49,0,0,0,0,0,0,0,0,0,0,0,0.1,0,0,0,0,0,0,18.41,15.74,0.72,5.05,0.57,6.93,0.04
KERALA,Thiruvananthapuram,0,0.23,0,0,0,0,0,0,0,0,0,0,0,0,0,0,0,0,0,0,0,4.14,17.92,0.95,4.32,4.63,6.33,2.04
KERALA,Thrissur,0,0,0,0,0,0,0,0,0,0,0,0,0,0,0,0,0,0,0,0,0,33.07,2.39,0,6.44,4.44,1.16,0
KERALA,Wayanad,0,0,0.05,0,0,0,0,0,0,0,0,0,0,0,0,0,0,0,10.79,0,0,0,0,0.29,5.87,1.28,0.57,1.11
LADAKH,Kargil,1.54,4.1,3.05,1.97,0,0,0.1,0,0,0.05,0.5,0,0,0,0,0,0,0,0.03,0,0,0,0,0,0,0,0,0
LADAKH,Leh,0.76,1.44,0.95,1.38,0,0,0.1,0,0,0.46,1.89,0,0,0,0,0,0,0,0,0,0,0,0,0,0,0,0,0
LAKSHADWEEP,Lakshadweep,0,0,0,0,0,0,0,0,0,0,0,0,0,0,0,0,0,0,0,0,0,0,0,0,0,0,0,0
MADHYA PRADESH,Agar Malwa,1.28,3.7,3.43,0,0,0,0,0,0,0,0,0,0,0,0,0,0,0.06,2.39,0.36,2.04,0,0,0,0,0,0,0
MADHYA PRADESH,Alirajpur,0,0,0,0,0,0,0,0,0,0,0,0,0,0,0,0,0,0,0.13,2.72,0.01,0,0,0,0,0,0,0
MADHYA PRADESH,Anuppur,0,0,0,0.68,0,0,0,0,0,0,0,0,0,0,0,0,0,0,0,0,0,0,0,0.13,0,0,0,0
MADHYA PRADESH,Ashoknagar,0,0.51,3.74,1.9,0,0,0,0,0,0,0,0,0,0,0,0,0,0,0.45,0.5,0.18,0,0,1.12,0,0,0,0
MADHYA PRADESH,Balaghat,0,0,0,0,0,0,0,0,0,0,0,0,0,0,0,0,0,0,0,0,0,0,0.06,0,0.26,0,0,0
MADHYA PRADESH,Barwani,0.07,0,0,0,0,0,0,0,0,0,0,0,0,0,0,0,0,0.06,0.88,0.55,0.2,0,0,0,0,0,0,0
MADHYA PRADESH,Betul,0,0,0,0,0,0,0,0,0,0,0,0,0,0,0,0,0,0,0,0,0,0,0,0,0,0,0,0
MADHYA PRADESH,Bhind,1.38,0,0.26,1.41,0,0,0,0,0,0,0,0,0,0,0,0,0,0,0.23,0,0,0,0,0,0,0,0,0
MADHYA PRADESH,Bhopal,0,0,0,0.06,0,0,0,0,0,0,0,0,0,0,0,0,0,0,0.66,1.95,1.41,0,0,0,0,0,0,0
MADHYA PRADESH,Burhanpur,0,0,0,0,0,0,0,0,0,0,0,0,0,0,0,0,0,0,0,0,0.04,1.62,0,0,0,0,0,0
MADHYA PRADESH,Chhatarpur,0,0.02,0.59,2.05,0.11,0,0,0,0,0,0,0,0,0,0,0,0,0,0,0,0,0,0,0.32,0,0,0,0
MADHYA PRADESH,Chhindwara,0,0,0,0,0,0,0,0,0,0,0,0,0,0,0,0,0,0,0,0.15,0,0,0.22,0,0.02,0.04,0,0
MADHYA PRADESH,Damoh,0,0,0,0,0,0,0,0,0,0,0,0,0,0,0,0,0,0,0,0,0,0,0,0.25,0,0,0,0
MADHYA PRADESH,Datia,1.37,0,1.53,3.06,0,0,0,0,0,0,0,0,0,0,0,0,0,0,0.66,0,0,0,0,0.03,0,0,0,0
MADHYA PRADESH,Dewas,0,0,0,0,0,0,0,0,0,0,0,0,0,0,0,0,0,0,0.2,0.97,0.81,0,0,0,0,0,0,0
MADHYA PRADESH,Dhar,0.01,0,0,0,0,0,0,0,0,0,0,0,0,0,0,0,0,0.02,1.36,3.28,0.05,0,0,0,0,0,0,0
MADHYA PRADESH,Dindori,0,0,0,0.39,0.05,0,0,0,0,0,0,0,0,0,0,0,0,0,0,0,0,0,0,0,0,0,0,0
MADHYA PRADESH,Guna,0,1.97,2.84,0.31,0,0,0,0,0,0,0,0,0,0,0,0,0,0,3.81,0.04,0,0,0,0,0,0,0,0
MADHYA PRADESH,Gwalior,1.77,0.14,5.3,0.6,0,0,0,0,0,0,0,0,0,0,0,0,0,0,2.14,0,0,0,0,0.61,0,0,0,0
MADHYA PRADESH,Harda,0,0,0,0,0,0,0,0,0,0,0,0,0,0,0,0,0,0,0,0,0,0,0,0,0,0,0,0
MADHYA PRADESH,Indore,0.46,0,0,0,0,0,0,0,0,0,0,0,0,0,0,0,0,0,4.15,3,0.31,0,0,0,0,0,0,0
MADHYA PRADESH,Jabalpur,0,0,0,0,0,0,0,0,0,0,0,0,0,0,0,0,0,0,0,0,0,0,0,0,0,0,0,0
MADHYA PRADESH,Jhabua,0,0,0,0,0,0,0,0,0,0,0,0,0,0,0,0,0,0.64,0,5.35,2.72,0,0,0,0,0,0,0
MADHYA PRADESH,Katni,0,0,0,0,0,0,0,0,0,0,0,0,0,0,0,0,0,0,0,0,0,0,0,0,0,0,0,0
MADHYA PRADESH,Khandwa,0,0,0,0,0,0,0,0,0,0,0,0,0,0,0,0,0,0,0,0.03,0.28,0.04,0,0,0,0,0,0
MADHYA PRADESH,Khargone,0,0,0,0,0,0,0,0,0,0,0,0,0,0,0,0,0,0,1.7,0.25,0.18,0,0,0,0,0,0,0
MADHYA PRADESH,Mandla,0,0,0,0,0,0,0,0,0,0,0,0,0,0,0,0,0,0,0,0,0,0,0,0.05,0,0,0,0
MADHYA PRADESH,Mandsaur,0,0.74,1.25,0,0,0,0,0,0,0,0,0,0,0,0,0,0,0.21,1.92,0,0,0,0,0,0,0,0,0
MADHYA PRADESH,Morena,2.06,0,0,0,0,0,0,0,0,0,0,0,0,0,0,0,0,0,0.87,0,0,0,0,0,0,0,0,0
MADHYA PRADESH,Narmadapuram,0,0,0,0,0,0,0,0,0,0,0,0,0,0,0,0,0,0,0,0,0,0.03,0,0,0,0,0,0
MADHYA PRADESH,Narsimhapur,0,0,0,0,0,0,0,0,0,0,0,0,0,0,0,0,0,0,0,0.04,0,0,0.06,0,0,0,0,0
MADHYA PRADESH,Neemuch,0,1.46,0,0,0,0,0,0,0,0,0,0,0,0,0,0,0,0.13,2.16,0,0,0,0,0,0,0,0,0
MADHYA PRADESH,Niwari,0,1.07,5.36,0.43,0,0,0,0,0,0,0,0,0,0,0,0,0,0,0.2,0,0,0,0,0,0,0,0,0
MADHYA PRADESH,Panna,0,0,0,0.68,0,0,0,0,0,0,0,0,0,0,0,0,0,0,0,0,0,0,0,0.81,0,0,0,0
MADHYA PRADESH,Raisen,0.38,0,0,0.17,0,0,0,0,0,0,0,0,0,0,0,0,0,0,0.06,0.09,0.38,0,0,0,0,0,0,0
MADHYA PRADESH,Rajgarh,0,0.1,0.19,0,0,0,0,0,0,0,0,0,0,0,0,0,0,0,0.96,2.92,3.17,0,0,0,0,0,0,0
MADHYA PRADESH,Ratlam,0,0.28,4.48,0,0,0,0,0,0,0,0,0,0,0,0,0,0,0.36,1.11,0.34,7.2,0,0,0,0,0,0,0
MADHYA PRADESH,Rewa,0,0,0,0.76,0,0,0,0,0,0,0,0,0,0,0,0,0,0,0,0,0,0,0,0.49,0,0,0,0
MADHYA PRADESH,Sagar,0.21,0.18,0,0.1,0,0,0,0,0,0,0,0,0,0,0,0,0,0,0,0.3,0,0,0.23,0.18,0,0,0,0
MADHYA PRADESH,Satna,0,0,0,0.64,0,0,0,0,0,0,0,0,0,0,0,0,0,0,0,0.12,0,0,0,0.96,0,0,0,0
MADHYA PRADESH,Sehore,0,0,0,0,0,0,0,0,0,0,0,0,0,0,0,0,0,0,0.93,0.49,0.87,0.01,0,0,0,0,0,0
MADHYA PRADESH,Seoni,0,0,0,0,0,0,0,0,0,0,0,0,0,0,0,0,0,0,0,0,0,0,0,0.03,0.64,0,0,0
MADHYA PRADESH,Shahdol,0,0,0,0,0,0,0,0,0,0,0,0,0,0,0,0,0,0,0,0,0,0,0,0.05,0,0,0,0
MADHYA PRADESH,Shajapur,0,0,0,0,0,0,0,0,0,0,0,0,0,0,0,0,0,0,1.9,1.5,4.32,0,0,0,0,0,0,0
MADHYA PRADESH,Sheopur,0.3,0.07,1.09,0,0,0,0,0,0,0,0,0,0,0,0,0,0,0,4.96,0,0,0,0,0.51,0,0,0,0
MADHYA PRADESH,Shivpuri,0.1,0.95,6.42,0.23,0,0,0,0,0,0,0,0,0,0,0,0,0,0,3.58,0,0,0,0,1.67,0,0,0,0
MADHYA PRADESH,Sidhi,0,0,0,0,0,0,0,0,0,0,0,0,0,0,0,0,0,0,0,0,0,0,0,1.4,0,0,0,0
MADHYA PRADESH,Singrauli,0,0,0,0,0,0,0,0,0,0,0,0,0,0,0,0,0,0,0,0,0,0,0,2.77,0,0,0,0
MADHYA PRADESH,Tikamgarh,0,0.35,7.36,1.47,0.46,0,0,0,0,0,0,0,0,0,0,0,0,0,0.08,0,0,0,0,0.32,0,0,0,0
MADHYA PRADESH,Ujjain,0.12,0.41,0.24,0,0,0,0,0,0,0,0,0,0,0,0,0,0,0.06,1.28,1.92,8.56,0,0,0,0,0,0,0
MADHYA PRADESH,Umaria,0,0,0,0,0,0,0,0,0,0,0,0,0,0,0,0,0,0,0,0,0,0,0,0,0,0,0,0
MADHYA PRADESH,Vidisha,0.65,0.11,0,0.08,0,0,0,0,0,0,0,0,0,0,0,0,0,0,0.07,0.71,1.4,0,0,0,0,0,0,0
MAHARASHTRA,Ahmadnagar,0,0,0,0,0,0,0,0,0,0,0,0,0,0,0,0,0,0,0,0,0,0,0,0,0,0,0,0
MAHARASHTRA,Akola,0,0,0,0,0,0,0,0,0,0,0,0,0,0,0,0,0,0,0,0,0,0,0,0,0,0,0,0
MAHARASHTRA,Amravati,0,0,0,0,0,0,0,0,0,0,0,0,0,0,0,0,0,0,0,0,0,0,0,0,0,0,0,0
MAHARASHTRA,Aurangabad,0,0,0,0,0,0,0,0,0,0,0,0,0,0,0,0,0,0,0,0,0,0,0,0,0,0,0,0
MAHARASHTRA,Bhandara,0,0,0,0,0,0,0,0,0,0,0,0,0,0,0,0,0,0,0,0,0,0,0,0,0.06,0,0,0
MAHARASHTRA,Bid,0,0,0,0,0,0,0,0,0,0,0,0,0,0,0,0,0,0,0,0,0,0,0,0.8,0.1,0,0,0
MAHARASHTRA,Buldana,0,0,0,0,0,0,0,0,0,0,0,0,0,0,0,0,0,0,0,0,0,0,0,0,0,0,0,0
MAHARASHTRA,Chandrapur,0,0,0,0,0,0,0,0,0,0,0,0,0,0,0,0,0,0,0,0,0,0,0,0.39,0.09,0,0,0
MAHARASHTRA,Dhule,0,0,0,0,0,0,0,0,0,0,0,0,0,0,0,0,0,0,0.01,0.01,0.02,0,0,0,0,0,0,0
MAHARASHTRA,Gadchiroli,0,0,0,0,0,0,0,0,0,0,0,0,0,0,0,0,0,0,0,0,0,0,0.16,1.69,0.1,0,0,0
MAHARASHTRA,Gondiya,0,0,0,0,0,0,0,0,0,0,0,0,0,0,0,0,0,0,0,0,0,0,0.09,0.03,0.05,0,0,0
MAHARASHTRA,Hingoli,0,0,0,0,0,0,0,0,0,0,0,0,0,0,0,0,0,0,0,0,0,0,0,0.18,0.01,0,0,0
MAHARASHTRA,Jalgaon,0,0,0,0,0,0,0,0,0,0,0,0,0,0,0,0,0,0,0,0,0,0.01,0,0,0,0,0,0
MAHARASHTRA,Jalna,0,0,0,0,0,0,0,0,0,0,0,0,0,0,0,0,0,0,0,0,0,0,0,0,0,0,0,0
MAHARASHTRA,Kolhapur,0,0,0,0,0,0,0,0,0,0,0,0,0,0,0,0,0,0,0,0,0,0,0.07,0.06,0.04,0,0,0
MAHARASHTRA,Latur,0,0,0,0,0,0,0,0,0,0,0,0,0,0,0,0,0,0,0,0,0,0,1.96,1.23,0,0,0,0
MAHARASHTRA,Mumbai,0,0,0,0,0,0,0,0,0,0,0,0,0,0,0,0,0,0,0,0,0,0,0,0,0,0,0,0
MAHARASHTRA,Mumbai Suburban,0,0,0,0,0,0,0,0,0,0,0,0,0,0,0,0,0,0,0,0,0,0,0,0,0,0,0,0
MAHARASHTRA,Nagpur,0,0,0,0,0,0,0,0,0,0,0,0,0,0,0,0,0,0,0,0,0,0,0.92,0.87,0,0,0,0
MAHARASHTRA,Nanded,0,0,0,0,0,0,0,0,0,0,0,0,0,0,0,0,0,0,0,0,0,0,1.05,0.4,0.05,0.02,0,0
MAHARASHTRA,Nandurbar,0,0,0,0,0,0,0,0,0,0,0,0,0,0,0,0,0,0,0.02,0.11,0,0,0,0,0,0,0,0
MAHARASHTRA,Nashik,0,0,0,0,0,0,0,0,0,0,0,0,0,0,0,0,0,0,0,0,0,0,0,0,0,0,0,0
MAHARASHTRA,Osmanabad,0,0,0,0,0,0,0,0,0,0,0,0,0,0,0,0,0,0,0,0,0,0,0.01,0.17,1.05,0,0,0
MAHARASHTRA,Palghar,0,0,0,0,0,0,0,0,0,0,0,0,0,0,0,0,0,0,0,0,0,0,0,0,0,0,0,0
MAHARASHTRA,Parbhani,0,0,0,0,0,0,0,0,0,0,0,0,0,0,0,0,0,0,0,0,0,0,0,3.01,0.3,0,0,0
MAHARASHTRA,Pune,0,0,0,0,0,0,0,0,0,0,0,0,0,0,0,0,0,0,0,0,0,0,0,0,0,0,0,0
MAHARASHTRA,Raigarh,0,0,0,0,0,0,0,0,0,0,0,0,0,0,0,0,0,0,0,0,0,0,0,0,0,0,0,0
MAHARASHTRA,Ratnagiri,0,0,0,0,0,0,0,0,0,0,0,0,0,0,0,0,0,0,0,0,0,0,0,0,0,0,0,0
MAHARASHTRA,Sangli,0,0,0,0,0,0,0,0,0,0,0,0,0,0,0,0,0,0,0,0,0,0.01,0,0.36,0,0,0,0
MAHARASHTRA,Satara,0,0,0,0,0,0,0,0,0,0,0,0,0,0,0,0,0,0,0,0,0,0.1,0,0,0,0,0,0
MAHARASHTRA,Sindhudurg,0,0,0,0,0,0,0,0,0,0,0,0,0,0,0,0,0,0,0,0,0,0,0,0,0,0,0,0
MAHARASHTRA,Solapur,0,0,0,0,0,0,0,0,0,0,0,0,0,0,0,0,0,0,0,0,0,0,0.02,0.77,0.19,0,0,0
MAHARASHTRA,Thane,0,0,0,0,0,0,0,0,0,0,0,0,0,0,0,0,0,0,0,0,0,0,0,0,0,0,0,0
MAHARASHTRA,Wardha,0,0,0,0,0,0,0,0,0,0,0,0,0,0,0,0,0,0,0,0,0,0,0,0.28,0,0,0,0
MAHARASHTRA,Washim,0,0,0,0,0,0,0,0,0,0,0,0,0,0,0,0,0,0,0,0,0,0,0,0,0,0,0,0
MAHARASHTRA,Yavatmal,0,0,0,0,0,0,0,0,0,0,0,0,0,0,0,0,0,0,0,0,0,0,0.12,0.12,0,0,0,0
MANIPUR,Bishnupur,0,0,0,0,0,0,0,0,0,0,0,0,0,0,0,0,0,0,0,0,0,0,0,0,0,0.16,0,0
MANIPUR,Chandel,0,0,0,0,0,0,0,0,0,0,0,0,0,0,0,0,0,0,0,0,0,0,0,0,0,0.21,0,0
MANIPUR,Churachandpur,0,0,0,0,0,0,0,0,0,0,0,0,0,0,0,0,0,0,0,0,0,0,0,0,0,0.23,0,0
MANIPUR,Imphal East,0,0,0,0,0,0,0,0,0,0,0,0,0,0,0,0,0,0,0,0,0,0,0,0,0,0.03,0,0
MANIPUR,Imphal West,0,0,0,0,0,0,0,0,0,0,0,0,0,0,0,0,0,0,0,0,0,0,0,0,0,0,0,0
MANIPUR,Jiribam,0,0,0,0,0,0,0,0,0,0,0,0,0,0,0,0,0,0,0,0,0,0,0,0,0,0,0,0
MANIPUR,Kakching,0,0,0,0,0,0,0,0,0,0,0,0,0,0,0,0,0,0,0,0,0,0,0,0,0,0.16,0,0
MANIPUR,Kamjong,0,0,0,0,0,0,0,0,0,0,0,0,0,0,0,0,0,0,0,0,0,0,0,0,0,0.02,0,0
MANIPUR,Kangpokpi,0,0,0,0,0,0,0,0,0,0,0,0,0,0,0,0,0,0,0,0,0,0,0,0,0,0,0,0
MANIPUR,Noney,0,0,0,0,0,0,0,0,0,0,0,0,0,0,0,0,0,0,0,0,0,0,0,0,0,0,0,0
MANIPUR,Pherzawl,0,0,0,0,0,0,0,0,0,0,0,0,0,0,0,0,0,0,0,0,0,0,0,0,0,0.02,0,0
MANIPUR,Senapati,0,0,0,0,0,0,0,0,0,0,0,0,0,0,0,0,0,0,0,0,0,0,0,0,0,0,0,0
MANIPUR,Tamenglong,0,0,0,0,0,0,0,0,0,0,0,0,0,0,0,0,0,0,0,0,0,0,0,0,0,0,0,0
MANIPUR,Tengnoupal,0,0,0,0,0,0,0,0,0,0,0,0,0,0,0,0,0,0,0,0,0,0,0,0,0,0.15,0,0
MANIPUR,Thoubal,0,0,0,0,0,0,0,0,0,0,0,0,0,0,0,0,0,0,0,0,0,0,0,0,0,0.16,0,0
MANIPUR,Ukhrul,0,0,0,0,0,0,0,0,0,0,0,0,0,0,0,0,0,0,0,0,0,0.02,0.13,0,0,0.05,0.06,0.16
MEGHALAYA,East Garo Hills,0,0,0,0,0,0,0,0,0,0,0,0,0,0,0,0,0,0,0,0,0,0,0,0,0,0.01,0,0
MEGHALAYA,East Jaintia Hills,0,0,0,0,0,0,0,0,0,0,0,0,0,0,0,0,0,0,0,0,0,0,0,0,0,0.13,0,0
MEGHALAYA,East Khasi Hills,0,0,0,0,0,0,0,0,0,0,0,0,0,0,0,0,0,0,0,0,0,0.01,0,0,0,2.91,0.12,0.21
MEGHALAYA,Eastern West Khasi Hills,0,0,0,0,0,0,0,0,0,0,0,0,0,0,0,0,0,0,0,0,0,0.03,0,0,0,12.28,0.64,2.24
MEGHALAYA,North Garo Hills,0,0,0,0,0,0,0,0,0,0,0,0,0,0,0,0,0,0,0,0,0,0,0,0,0,0,0,0
MEGHALAYA,Ribhoi,0,0,0,0,0,0,0,0,0,0,0,0,0,0,0,0,0,0,0,0,0,0,0,0,0,1.53,0,1.29
MEGHALAYA,South Garo Hills,0,0,0,0,0,0,0,0,0,0,0,0,0,0,0,0,0,0,0,0,0,0,0,0,0,0.27,0.04,0
MEGHALAYA,South West Garo Hills,0,0,0,0,0,0,0,0,0,0,0,0,0,0,0,0,0,0,0,0,0,0,0,0,0,0,0,0
MEGHALAYA,South West Khasi Hills,0,0,0,0,0,0,0,0,0,0,0,0,0,0,0,0,0,0,0,0,0,0,0,0,0,0.24,0,0
MEGHALAYA,West Garo Hills,0,0,0,0,0,0,0,0,0,0,0,0,0,0,0,0,0,0,0,0,0,0,0,0,0,0,0,0
MEGHALAYA,West Jaintia Hills,0,0,0,0,0,0,0,0,0,0,0,0,0,0,0,0,0,0,0,0,0,0.01,0,0,0,1.36,0.01,0.11
MEGHALAYA,West Khasi Hills,0,0,0,0,0,0,0,0,0,0,0,0,0,0,0,0,0,0,0,0,0,0,0,0,0,6.94,0.96,0
MIZORAM,Aizawl,0,0,0,0,0,0,0,0,0,0,0,0,0,0,0,0,0,0,0,0,0,0,0,0,0,0.02,0,0
MIZORAM,Champhai,0,0,0,0,0,0,0,0,0,0,0,0,0,0,0,0,0,0,0,0,0,0,0,0,0,0.11,0,0
MIZORAM,Hnahthial,0,0,0,0,0,0,0,0,0,0,0,0,0,0,0,0,0,0,0,0,0,0,0,0,0,0,0,0
MIZORAM,Khawzawl,0,0,0,0,0,0,0,0,0,0,0,0,0,0,0,0,0,0,0,0,0,0,0,0,0,0.16,0,0
MIZORAM,Kolasib,0,0,0,0,0,0,0,0,0,0,0,0,0,0,0,0,0,0,0,0,0,0,0,0,0,0,0,0
MIZORAM,Lawngtlai,0,0,0,0,0,0,0,0,0,0,0,0,0,0,0,0,0,0,0,0,0,0,0,0,0,0,0,0
MIZORAM,Lunglei,0,0,0,0,0,0,0,0,0,0,0,0,0,0,0,0,0,0,0,0,0,0,0,0,0,0,0,0
MIZORAM,Mamit,0,0,0,0,0,0,0,0,0,0,0,0,0,0,0,0,0,0,0,0,0,0,0,0,0,0,0,0
MIZORAM,Saiha,0,0,0,0,0,0,0,0,0,0,0,0,0,0,0,0,0,0,0,0,0,0,0,0,0,0,0,0
MIZORAM,Saitual,0,0,0,0,0,0,0,0,0,0,0,0,0,0,0,0,0,0,0,0,0,0,0,0,0,0.1,0,0
MIZORAM,Serchhip,0,0,0,0,0,0,0,0,0,0,0,0,0,0,0,0,0,0,0,0,0,0,0,0,0,0,0,0
NAGALAND,Dimapur,0,0,0,0,0,0,0,0,0,0,0,0,0,0,0,0,0,0,0,0,0,0,0,0,0,0.37,0,0
NAGALAND,Kiphire,0,0,0,0,0,0,0,0,0,0,0,0,0,0,0,0,0,0,0,0,0,0.32,2.09,0,0,0.73,0.96,2.45
NAGALAND,Kohima,0,0,0,0,0,0,0,0,0,0,0,0,0,0,0,0,0,0,0,0,0,0.16,1.12,0,0,0.42,0.44,1.14
NAGALAND,Longleng,0,0,0,0,0,0,0,0,0,0,0,0,0,0,0,0,0,0,0,0,0,0.12,0.96,0,0,1.63,0.47,2.17
NAGALAND,Mokokchung,0,0,0,0,0,0,0,0,0,0,0,0,0,0,0,0,0,0,0,0,0,0.48,2.49,0,0,1.71,1.06,2.82
NAGALAND,Mon,0,0,0,0,0,0,0,0,0,0,0,0,0,0,0,0,0,0,0,0,0,0,0,0,0,0.55,0,1.92
NAGALAND,Noklak,0,0,0,0,0,0,0,0,0,0,0,0,0,0,0,0,0,0,0,0,0,0.27,1.97,0,0,1.04,0.93,2.66
NAGALAND,Peren,0,0,0,0,0,0,0,0,0,0,0,0,0,0,0,0,0,0,0,0,0,0,0,0,0,0.37,0,0
NAGALAND,Phek,0,0,0,0,0,0,0,0,0,0,0,0,0,0,0,0,0,0,0,0,0,0.15,1.23,0,0,0.45,0.6,1.6
NAGALAND,Tuensang,0,0,0,0,0,0,0,0,0,0,0,0,0,0,0,0,0,0,0,0,0,0.41,2.44,0,0,1.13,1.09,2.83
NAGALAND,Wokha,0,0,0,0,0,0,0,0,0,0,0,0,0,0,0,0,0,0,0,0,0,0.5,3.09,0,0,1.05,1.4,3.52
NAGALAND,Zunheboto,0,0,0,0,0,0,0,0,0,0,0,0,0,0,0,0,0,0,0,0,0,0.47,2.66,0,0,0.84,1.17,2.86
ODISHA,Anugul,0,0,0,0,0,0,0,0,0,0,0,0,0,0,0,0,0,0,0,0,0,0,0,0.07,1.43,0.32,0,0
ODISHA,Balangir,0,0,0,0,0,0,0,0,0,0,0,0,0,0,0,0,0,0,0,0,0,0,0,0.27,0.64,0,0,0
ODISHA,Baleshwar,0,0,0,0,0,0,0,0,0,0,0,0,0,0,0,0,0,0,0,0,0,0,0,0.13,0.78,0,0,0
ODISHA,Bargarh,0,0,0,0,0,0,0,0,0,0,0,0,0,0,0,0,0,0,0,0,0,0,0,1.16,0.84,0,0,0
ODISHA,Baudh,0,0,0,0,0,0,0,0,0,0,0,0,0,0,0,0,0,0,0,0,0,0,0,0,0,1.14,0,0
ODISHA,Bhadrak,0,0,0,0,0,0,0,0,0,0,0,0,0,0,0,0,0,0,0,0,0,0,0,0.01,0.29,0,0,0
ODISHA,Cuttack,0,0,0,0,0,0,0,0,0,0,0,0,0,0,0,0,0,0,0,0,0,0,0,0,0.83,0.33,0,0
ODISHA,Deogarh,0,0,0,0,0,0,0,0,0,0,0,0,0,0,0,0,0,0,0,0,0,0,0,0.01,0.46,0,0,0
ODISHA,Dhenkanal,0,0,0,0,0,0,0,0,0,0,0,0,0,0,0,0,0,0,0,0,0,0,0,0,0.41,0.05,0,0
ODISHA,Gajapati,0,0,0,0,0,0,0,0,0,0,0,0,0,0,0,0,0,0,0,0,0,0,0,5.12,1.33,1.06,0,0
ODISHA,Ganjam,0,0,0,0,0,0,0,0,0,0,0,0,0,0,0,0,0,0,0,0,0,0,0,0,0.37,0.11,0,0
ODISHA,Jagatsinghapur,0,0,0,0,0,0,0,0,0,0,0,0,0,0,0,0,0,0,0,0,0,0,0,0,0,0.98,0,0
ODISHA,Jajapur,0,0,0,0,0,0,0,0,0,0,0,0,0,0,0,0,0,0,0,0,0,0,0,0,0.38,0.13,0,0
ODISHA,Jharsuguda,0,0,0,0,0,0,0,0,0,0,0,0,0,0,0,0,0,0,0,0,0,0,0,0.01,0,0,0,0
ODISHA,Kalahandi,0,0,0,0,0,0,0,0,0,0,0,0,0,0,0,0,0,0,0,0,0,0,0,0.01,0.02,0,0,0
ODISHA,Kandhamal,0,0,0,0,0,0,0,0,0,0,0,0,0,0,0,0,0,0,0,0,0,0,0,0.2,1.03,0.15,0,0
ODISHA,Kendrapara,0,0,0,0,0,0,0,0,0,0,0,0,0,0,0,0,0,0,0,0,0,0,0,0,0,1.02,0,0
ODISHA,Kendujhar,0,0,0,0,0,0,0,0,0,0,0,0,0,0,0,0,0,0,0,0,0,0,0,3.01,4.26,0,0,0
ODISHA,Khordha,0,0,0,0,0,0,0,0,0,0,0,0,0,0,0,0,0,0,0,0,0,0,0,0,6.87,0,0,0
ODISHA,Koraput,0,0,0,0,0,0,0,0,0,0,0,0,0,0,0,0,0,0,0,0,0,0,0.67,5.65,3.61,0.12,0,0
ODISHA,Malkangiri,0,0,0,0,0,0,0,0,0,0,0,0,0,0,0,0,0,0,0,0,0,0,0,3.72,1.35,0.13,0,0
ODISHA,Mayurbhanj,0,0,0,0,0,0,0,0,0,0,0,0,0,0,0,0,0,0,0,0,0,0,0,6.03,2.07,0,0,0
ODISHA,Nabarangapur,0,0,0,0,0,0,0,0,0,0,0,0,0,0,0,0,0,0,0,0,0,0,0,0,0.97,0,0,0
ODISHA,Nayagarh,0,0,0,0,0,0,0,0,0,0,0,0,0,0,0,0,0,0,0,0,0,0,0,0,2.58,0.15,0,0
ODISHA,Nuapada,0,0,0,0,0,0,0,0,0,0,0,0,0,0,0,0,0,0,0,0,0,0,0,0.11,0.69,0,0,0
ODISHA,Puri,0,0,0,0,0,0,0,0,0,0,0,0,0,0,0,0,0,0,0,0,0,0,0,0,0.37,0.05,0,0
ODISHA,Rayagada,0,0,0,0,0,0,0,0,0,0,0,0,0,0,0,0,0,0,0,0,0,0,0,2.22,0.33,0.01,0,0
ODISHA,Sambalpur,0,0,0,0,0,0,0,0,0,0,0,0,0,0,0,0,0,0,0,0,0,0,0,0,0.01,0,0,0
ODISHA,Subarnapur,0,0,0,0,0,0,0,0,0,0,0,0,0,0,0,0,0,0,0,0,0,0,0,0,0.01,0,0,0
ODISHA,Sundargarh,0,0,0,0,0,0,0,0,0,0,0,0,0,0,0,0,0,0,0,0,0,0,0,0.68,0,0,0,0
PUDUCHERRY,Karaikal,0.15,3,0,0,0.5,5.51,0,0,0,0,0,0,0,0,0,0,0,0,0,0,0,0,0.77,0.08,0,0,0,0
PUDUCHERRY,Mahe,0,0,0,0,0,0,0,0,0,0,0,0,0,0,0,0,0,0,0,0,0,0.22,31.05,0.77,5.33,0,0,0
PUDUCHERRY,Puducherry,0,0,0,0,0,0,0,0,0,0,0,0,0,0,0,0,0,0,0,0,0,0,0,0,0,0,0,0
PUDUCHERRY,Yanam,0,0,0,0,0,0,0,0,0,0,0,0,0,0,0,0,0,0,0,0,0,0,0,0,2.52,7.95,0,0
PUNJAB,Amritsar,0,0,0,0,0,0,0,0,0,0,0,0,0,0,0,0,0,0,0,0,0,0,0,0,0,0,0,0
PUNJAB,Barnala,0.14,0,0,0,0,0,0,0,0,0,0,0,0,0,0,0,0,0.29,0,0,0,0,0,0,0,0,0,0
PUNJAB,Bathinda,0.01,0,0,0,0,0,0,0,0,0,0,0,0,0,0,0,0,0.17,0,0,0,0,0,0,0,0,0,0
PUNJAB,Faridkot,0,0,0,0,0,0,0,0,0,0,0,0,0,0,0,0,0,0,0,0,0,0,0,0,0,0,0,0
PUNJAB,Fatehgarh Sahib,0,0,0,0,0,0,0,0,0,0,0,0,0,0,0,0,0,0,0,0,0,0,0,0,0,0,0,0
PUNJAB,Fazilka,0,0,0,0,0,0,0,0,0,0,0,0,0,0,0,0,0,0.62,0,0,0,0,0,0,0,0,0,0
PUNJAB,Firozpur,0,0.22,0,0,0,0,0,0,0,0,0,0,0,0,0,0,0,0,0,0,0,0,0,0,0,0,0,0
PUNJAB,Gurdaspur,0.02,0.94,0,0,0,0,0,0,0,0,0,0,0,0,0,0,0,0,0,0,0,0,0,0,0,0,0,0
PUNJAB,Hoshiarpur,0.29,2.47,0,0,0,0,0,0,0,0,0,0,0,0,0,0,0,0,0,0,0,0,0,0,0,0,0,0
PUNJAB,Jalandhar,0,0.21,0,0,0,0,0,0,0,0,0,0,0,0,0,0,0,0.07,0,0,0,0,0,0,0,0,0,0
PUNJAB,Kapurthala,0.03,0.65,0,0,0,0,0,0,0,0,0,0,0,0,0,0,0,0.01,0,0,0,0,0,0,0,0,0,0
PUNJAB,Ludhiana,0.1,0,0,0,0,0,0,0,0,0,0,0,0,0,0,0,0,0.12,0,0,0,0,0,0,0,0,0,0
PUNJAB,Malerkotla,0,0,0,0,0,0,0,0,0,0,0,0,0,0,0,0,0,0,0,0,0,0,0,0,0,0,0,0
PUNJAB,Mansa,0.24,0,0,0,0,0,0,0,0,0,0,0,0,0,0,0,0,1.06,0,0,0,0,0,0,0,0,0,0
PUNJAB,Moga,0,0.6,0,0,0,0,0,0,0,0,0,0,0,0,0,0,0,0,0,0,0,0,0,0,0,0,0,0
PUNJAB,Pathankot,0.64,0.05,0,0,0,0,0,0,0,0,0.49,0,0,0,0,0,0,0,0,0,0,0,0,0,0,0,0,0
PUNJAB,Patiala,1.58,0.01,0,0,0,0,0,0,0,0,0,0,0,0,0,0,0,0,0,0,0,0,0,0,0,0,0,0
PUNJAB,Rupnagar,0.05,1.09,0,0,0,0,0,0,0,0,0,0,0,0,0,0,0,0,0,0,0,0,0,0,0,0,0,0
PUNJAB,Sahibzada Ajit Singh Nag*,0.91,0,0,0,0,0,0,0,0,0,0,0,0,0,0,0,0,0,0,0,0,0,0,0,0,0,0,0
PUNJAB,Sangrur,0.51,0.07,0,0,0,0,0,0,0,0,0,0,0,0,0,0,0,0.87,0,0,0,0,0,0,0,0,0,0
PUNJAB,Shahid Bhagat Singh Nagar,0.81,0,0,0,0,0,0,0,0,0,0,0,0,0,0,0,0,0,0.01,0,0,0,0,0,0,0,0,0
PUNJAB,Sri Muktsar Sahib,0,0,0,0,0,0,0,0,0,0,0,0,0,0,0,0,0,0.93,0,0,0,0,0,0,0,0,0,0
PUNJAB,Tarn Taran,0,0.23,0,0,0,0,0,0,0,0,0,0,0,0,0,0,0,0,0,0,0,0,0,0,0,0,0,0
RAJASTHAN,Ajmer,1.94,0,0,0,0,0,0,0,0,0,0,0,0,0,0,0,0,2.83,3.4,0,0,0,0,0,0,0,0,0
RAJASTHAN,Alwar,0.24,0,0,0,0,0,0,0,0,0,0,0,0,0,0,0,0,0.54,5.29,0,0,0,0,0,0,0,0,0.09
RAJASTHAN,Banswara,0,0,0.72,0,0,0,0,0,0,0,0,0,0,0,0,0,0,0.11,0,0,1.33,0,0,0,0,0,0,0
RAJASTHAN,Baran,0,1.02,1.67,0,0,0,0,0,0,0,0,0,0,0,0,0,0,0,6.74,0,0,0,0,0,0,0,0,0
RAJASTHAN,Barmer,0,0,0,0,0,0,0,0,0,0,0,0,0,0,0,0,0,0,0,0,0,0,0,0,0,0,0,0
RAJASTHAN,Bharatpur,1.52,0.15,0,0,0,0,0,0,0,0,0,0,0,0,0,0,0,0.01,1.34,0,0,0,0,0,0,0,0,0
RAJASTHAN,Bhilwara,0.09,0.6,0,0,0,0,0,0,0,0,0,0,0,0,0,0,0,0.92,9.95,0,0,0,0,0,0,0,0,0
RAJASTHAN,Bikaner,0,0,0,0,0,0,0,0,0,0,0,0,0,0,0,0,0,0.33,0,0,0,0,0,0,0,0,0,0
RAJASTHAN,Bundi,0,0.11,0.03,0,0,0,0,0,0,0,0,0,0,0,0,0,0,0.05,1.85,0,0,0,0,0,0,0,0,0
RAJASTHAN,Chittaurgarh,0,2.12,0,0,0,0,0,0,0,0,0,0,0,0,0,0,0,0.93,3.12,0,0,0,0,0,0,0,0,0
RAJASTHAN,Churu,0,0,0,0,0,0,0,0,0,0,0.03,0,0,0,0,0,0,2.41,1.65,0,0,0,0,0,0,0,0,0
RAJASTHAN,Dausa,0.17,0,0,0,0,0,0,0,0,0,0,0,0,0,0,0,0,0.53,6.56,0,0,0,0,2.64,0,0,0,0
RAJASTHAN,Dhaulpur,4.8,0,0,0,0,0,0,0,0,0,0,0,0,0,0,0,0,0,1.41,0,0,0,0,0,0,0,0,0
RAJASTHAN,Dungarpur,0,0,0,0,0,0,0,0,0,0,0,0,0,0,0,0,0,0,0,0,0,0,0,0,0,0,0,0
RAJASTHAN,Ganganagar,0,0,0,0,0,0,0,0,0,0,0,0,0,0,0,0,0,1.45,0,0,0,0,0,0,0,0,0,0
RAJASTHAN,Hanumangarh,0,0,0,0,0,0,0,0,0,0,0.4,0,0,0,0,0,0,7.21,1.61,0,0,0,0,0,0,0,0,0
RAJASTHAN,Jaipur,0.23,0,0,0,0,0,0,0,0,0,0,0,0,0,0,0,0,2.93,9.68,0,0,0,0.52,0.32,0,0,0,0
RAJASTHAN,Jaisalmer,0,0,0,0,0,0,0,0,0,0,0,0,0,0,0,0,0,0,0,0,0,0,0,0,0,0,0,0
RAJASTHAN,Jalor,0,0,0,0,0,0,0,0,0,0,0,0,0,0,0,0,0,0,0,0,0,0,0,0,0,0,0,0
RAJASTHAN,Jhalawar,0,0.44,1.13,0,0,0,0,0,0,0,0,0,0,0,0,0,0,0.08,4.96,0,0,0,0,0,0,0,0,0
RAJASTHAN,Jhunjhunun,0,0,0,0,0,0,0,0,0,0,0,0,0,0,0,0,0,1.15,6.11,0,0,0,0,0.35,0,0,0,0
RAJASTHAN,Jodhpur,0,0,0,0,0,0,0,0,0,0,0,0,0,0,0,0,0,0.09,0,0,0,0,0,0,0,0,0,0
RAJASTHAN,Karauli,2.35,0,0,0,0,0,0,0,0,0,0,0,0,0,0,0,0,0.04,3.09,0,0,0,0,0,0,0,0,0
RAJASTHAN,Kota,0,0.4,0.4,0,0,0,0,0,0,0,0,0,0,0,0,0,0,0.17,3.87,0,0,0,0,0,0,0,0,0
RAJASTHAN,Nagaur,0.13,0,0,0,0,0,0,0,0,0,0,0,0,0,0,0,0,0.72,0.7,0,0,0,0,0,0,0,0,0
RAJASTHAN,Pali,0.04,0,0,0,0,0,0,0,0,0,0,0,0,0,0,0,0,1.78,0.95,0,0,0,0,0,0,0,0,0
RAJASTHAN,Pratapgarh,0,0,2.99,0,0,0,0,0,0,0,0,0,0,0,0,0,0,0.5,0,0,1.98,0,0,0,0,0,0,0
RAJASTHAN,Rajsamand,0.17,0.16,0,0,0,0,0,0,0,0,0,0,0,0,0,0,0,0.8,1.79,0,0,0,0,0,0,0,0,0
RAJASTHAN,Sawai Madhopur,3.35,0,0,0,0,0,0,0,0,0,0,0,0,0,0,0,0,0.1,3.11,0,0,0,0,0,0,0,0,0
RAJASTHAN,Sikar,0,0,0,0,0,0,0,0,0,0,0,0,0,0,0,0,0,0.74,6.99,0,0,0,0.03,0.02,0,0,0,0
RAJASTHAN,Sirohi,0,0,0,0,0,0,0,0,0,0,0,0,0,0,0,0,0,0,0,0,0,0,0,0,0,0,0,0
RAJASTHAN,Tonk,1.46,0,0,0,0,0,0,0,0,0,0,0,0,0,0,0,0,0.84,4.6,0,0,0,0,0.16,0,0,0,0
RAJASTHAN,Udaipur,0.02,0.07,0,0,0,0,0,0,0,0,0,0,0,0,0,0,0,0.18,0.03,0,0,0,0,0,0,0,0,0
SIKKIM,East District,0,0,0,0,0,0,0,0,0,0,0,0,0,0,0,0,0,0,0,0,0,0,0.23,0,6.94,0.2,0.87,2.73
SIKKIM,North  District,0,0,0,0,0,0,0,0,0,0,0,0.61,0,0,0.34,0.84,0.43,0.43,0,0,0.42,0.37,1.9,1.04,4.82,1.04,1.49,4.56
SIKKIM,South District,0,0,0,0,0,0,0,0,0,0,0,0,0,0,0,0,0,0,0,0,0,0,0.22,0,7.24,0.3,1.02,3.63
SIKKIM,West District,0,0,0,0,0,0,0,0,0,0,0,0.55,0,0,0.27,0.45,0.07,0.07,0,0,0.64,0.37,3.01,0.17,7.3,0.74,1.44,3.73
TAMIL NADU,Ariyalur,0,0.57,0,0,0.06,0,0,0,0,0,0,0,0,0.12,0,0,0,0,0,0,0,0,0,0,0,0.12,0,0
TAMIL NADU,Chengalpattu,0,0,0,0,0,0,0,0,0,0,0,0,0,0,0,0,0,0,0,0,0,0,0,0,0,0,0,0
TAMIL NADU,Chennai,0,0,0,0,0,0,0,0,0,0,0,0,0,0,0,0,0,0,0,0,0,0,0,0,0,0,0,0
TAMIL NADU,Coimbatore,0,0,0.71,0,0,0,0,0,0,0,0,0,0,0,0,0,0,0,0.43,0,0.01,0.03,0.21,1.11,6.83,6.14,3.47,1.43
TAMIL NADU,Cuddalore,0,0,0,0,1.22,0,0,0,0,0,0,0,0,0,0,0,0,0,0,0,0,0,0.11,0,0,0,0,0
TAMIL NADU,Dharmapuri,0,0,0,0,0,0,0,0,0,0,0,0,0,0,0,0,0,0,0,0,0,0,0,0,0.07,0.21,0,0
TAMIL NADU,Dindigul,0,0,0,0,0,0,0,0,0,0,0,0,0,0,0,0,0,0,0,0,0,0,0.07,0,0,10.31,0.09,0
TAMIL NADU,Erode,0,0,0,0,0,0,0,0,0,0,0,0,0,0,0,0,0,0,0,0,0.01,0.08,0,0,2.64,4.7,1.39,0
TAMIL NADU,KAnchipuram,0,0,0,0,0,0,0,0,0,0,0,0,0,0,0,0,0,0,0,0,0,0,0,0,0,0,0,0
TAMIL NADU,Kallakurichchi,0,0,0,0,0,0,0,0,0,0,0,0,0,0,0,0,0,0,0,0,0,0,0,0,0,0.44,0,0
TAMIL NADU,Kanniyakumari,0,0.38,0,0.04,0,0,0,0,0,0,0,0,0,0.04,0,0,0,0,0,0,0,3.1,2.51,0,1.15,12.31,1.24,1.87
TAMIL NADU,Karur,0,0,0,0,0,0,0,0,0,0,0,0,0,0,0,0,0,0,0,0,0.2,0,0,0,0,0.1,0,0
TAMIL NADU,Krishnagiri,0,0,0,0,0,0,0,0,0,0,0,0,0,0,0,0,0,0,0,0,0,0,0,0,0,0,0,0
TAMIL NADU,Madurai,0,0,0,0,0,0,0,0,0,0,0,0,0,0,0,0,0,0,0,0,0.22,0,0.09,0,0.07,0.69,0.21,0
TAMIL NADU,Mayiladuthurai,0,0,0,0,3.42,0,0,0,0,0,0,0,0,0,0,0,0,0,0,0,0,0,0.4,0,0,0,0,0
TAMIL NADU,Nagapattinam,0.25,1.23,0,0,0.13,2.55,0,0,0,0,0,0,0,0,0,0,0,0,0,0,0,2.42,0.47,0.02,0,0,0,0
TAMIL NADU,Namakkal,0,0,0,0,0,0,0,0,0,0,0,0,0,0,0,0,0,0,0,0,0,0,0,0,0.02,2.31,0,0
TAMIL NADU,Perambalur,0,0,0,0,0,0,0,0,0,0,0,0,0,0,0,0,0,0,0,0,0,0,0,0,0,0,0,0
TAMIL NADU,Pudukkottai,0,0.06,0,0,0,0,0,0,0,0,0,0,0,0,0,0,0,0,0,0,0,0.01,0,0,0,0,0,0
TAMIL NADU,Ramanathapuram,1.09,0.13,0,0,0.16,0.14,0,0,0,0,0,0,0,0,0,0,0,0,0,0,0.01,0.04,0,0,0,0.11,0,0
TAMIL NADU,Ranipet,0,0,0,0,0,0,0,0,0,0,0,0,0,0,0,0,0,0,0,0,0,0,0,0,0,0,0,0
TAMIL NADU,Salem,0,0,0,0,0,0,0,0,0,0,0,0,0,0,0,0,0,0,0,0,0,0,0,0,0.53,1.53,0.46,0
TAMIL NADU,Sivaganga,0,0,0,0,0,0,0,0,0,0,0,0,0,0,0,0,0,0,0,0,0,0,0,0,0,0.35,0,0
TAMIL NADU,Tenkasi,0,0,0,0,0,0,0,0,0,0,0,0,0,0,0,0,0,0,0,0,0,15.9,20.15,0,5.78,16.13,15.71,0
TAMIL NADU,Thanjavur,0,0,0,0,0,0,0,0,0,0,0,0,0,0,0,0,0,0,0,0,0,0.15,1.12,0,0,0.94,0,0
TAMIL NADU,The Nilgiris,0,0,0,0,0,0,0,0,0,0,0,0,0,0,0,0,0,0,0,0,0.05,4.73,0.04,0.03,3.6,5.43,1.85,0.03
TAMIL NADU,Theni,0,0,0,0,0,0,0,0,0,0,0,0,0,0,0,0,0,0,0,0,0,0.09,1.34,0,2.65,7.23,1.12,4.22
TAMIL NADU,Thiruvallur,0.03,0,0,0,0,0,0,0,0,0,0,0,0,0,0,0,0,0,0,0,0,0,0,0,0,0,0,0
TAMIL NADU,Thiruvarur,0.01,0.03,0,0,0,0.07,0,0,0,0,0,0,0,0,0,0,0,0,0,0,0,0.15,0.02,0,0,0,0,0
TAMIL NADU,Thoothukkudi,0.05,0,0,0,0,0,0,0,0,0,0,0,0,0,0,0,0,0,0,0,0,0.74,4.34,0.22,0.37,14.77,0.54,0.08
TAMIL NADU,Tiruchirappalli,0,0,0,0,0,0,0,0,0,0,0,0,0,0,0,0,0,0,0,0,0.01,0,0,0,0,0,0,0
TAMIL NADU,Tirunelveli,0,0.75,0,0,0,0,0,0,0,0,0,0,0,0,0,0,0,0,0,0,0,4.81,4.64,0.56,1.83,18.31,1.53,0.21
TAMIL NADU,Tiruppattur,0,0,0,0,0,0,0,0,0,0,0,0,0,0,0,0,0,0,0,0,0,0,0,0,0,0,0,0
TAMIL NADU,Tiruppur,0,0,0,0,0,0,0,0,0,0,0,0,0,0,0,0,0,0,0,0,0,0,0,0,0.09,29.71,2.07,0
TAMIL NADU,Tiruvannamalai,0,0,0,0,0,0,0,0,0,0,0,0,0,0,0,0,0,0,0,0,0,0,0,0,0,0,0,0
TAMIL NADU,Vellore,0,0,0,0,0,0,0,0,0,0,0,0,0,0,0,0,0,0,0,0,0,0,0,0,0,0,0,0
TAMIL NADU,Viluppuram,0,0,0,0,0,0,0,0,0,0,0,0,0,0,0,0,0,0,0,0,0,0,0,0,0,0,0,0
TAMIL NADU,Virudhunagar,0,0,0,0,0,0,0,0,0,0,0,0,0,0,0,0,0,0,0,0,0,0.67,1.82,0,0.06,2.77,0.52,0.64
TELANGANA,Adilabad,0,0,0,0,0,0,0,0,0,0,0,0,0,0,0,0,0,0,0,0,0,0,2.35,5.16,0,0,0,0
TELANGANA,Bhadradri Kothagudem,0,0,0,0,0,0,0,0,0,0,0,0,0,0,0,0,0,0,0,0,0,0,0,6.8,0,3.73,0,0
TELANGANA,Hyderabad,0,0,0,0,0,0,0,0,0,0,0,0,0,0,0,0,0,0,0,0,0,0,0,5.21,0,0,0,0
TELANGANA,Jagitial,0,0,0,0,0,0,0,0,0,0,0,0,0,0,0,0,0,0,0,0,0,0,0,3.23,1.16,0,0,0
TELANGANA,Jangoan,0,0,0,0,0,0,0,0,0,0,0,0,0,0,0,0,0,0,0,0,0,0,0,5.16,0,0,0,0
TELANGANA,Jayashankar,0,0,0,0,0,0,0,0,0,0,0,0,0,0,0,0,0,0,0,0,0,0,0,0.45,2.72,0.42,0,0
TELANGANA,Jogulamba Gadwal,0,0,0,0,0,0,0,0,0,0,0,0,0,0,0,0,0,0,0,0,0,0,0,5.62,0.02,0,0,0
TELANGANA,Kamareddy,0,0,0,0,0,0,0,0,0,0,0,0,0,0,0,0,0,0,0,0,0,0,1.51,2.98,0.16,0,0,0
TELANGANA,Karimnagar,0,0,0,0,0,0,0,0,0,0,0,0,0,0,0,0,0,0,0,0,0,0,0,0.1,0.04,0.02,0,0
TELANGANA,Khammam,0,0,0,0,0,0,0,0,0,0,0,0,0,0,0,0,0,0,0,0,0,0,0,15.69,0,2.75,0,0
TELANGANA,Kumuram Bheem Asifabad,0,0,0,0,0,0,0,0,0,0,0,0,0,0,0,0,0,0,0,0,0,0,1.75,3.65,2.75,0,0,0
TELANGANA,Mahabubabad,0,0,0,0,0,0,0,0,0,0,0,0,0,0,0,0,0,0,0,0,0,0,0.09,1.16,0,1.54,0,0
TELANGANA,Mahabubnagar,0,0,0,0,0,0,0,0,0,0,0,0,0,0,0,0,0,0,0,0,0,0,0,11.81,0,0.09,0,0
TELANGANA,Mancherial,0,0,0,0,0,0,0,0,0,0,0,0,0,0,0,0,0,0,0,0,0,0,0,1.83,0,0,0,0
TELANGANA,Medak,0,0,0,0,0,0,0,0,0,0,0,0,0,0,0,0,0,0,0,0,0,0,0.41,7.29,0.39,0.26,0,0
TELANGANA,Medchal Malkajgiri,0,0,0,0,0,0,0,0,0,0,0,0,0,0,0,0,0,0,0,0,0,0,0,5.21,0,0,0,0
TELANGANA,Mulugu,0,0,0,0,0,0,0,0,0,0,0,0,0,0,0,0,0,0,0,0,0,0,0,0.22,0.08,0,0,0
TELANGANA,Nagarkurnool,0,0,0,0,0,0,0,0,0,0,0,0,0,0,0,0,0,0,0,0,0,0,0,6.73,0,0,0,0
TELANGANA,Nalgonda,0,0,0,0,0,0,0,0,0,0,0,0,0,0,0,0,0,0,0,0,0,0,0,4.26,0,0,0,0
TELANGANA,Narayanpet,0,0,0,0,0,0,0,0,0,0,0,0,0,0,0,0,0,0,0,0,0,0,0,9.98,0,0.01,0,0
TELANGANA,Nirmal,0,0,0,0,0,0,0,0,0,0,0,0,0,0,0,0,0,0,0,0,0,0,0.77,1.86,0,0,0,0
TELANGANA,Nizamabad,0,0,0,0,0,0,0,0,0,0,0,0,0,0,0,0,0,0,0,0,0,0,0.02,3.84,0.54,0,0,0
TELANGANA,Peddapalli,0,0,0,0,0,0,0,0,0,0,0,0,0,0,0,0,0,0,0,0,0,0,0,0.51,0,0.12,0,0
TELANGANA,Rajanna Sircilla,0,0,0,0,0,0,0,0,0,0,0,0,0,0,0,0,0,0,0,0,0,0,0,0.04,0,0,0,0
TELANGANA,Ranga Reddy,0,0,0,0,0,0,0,0,0,0,0,0,0,0,0,0,0,0,0,0,0,0,0,5.79,0.4,0.18,0,0
TELANGANA,Sangareddy,0,0,0,0,0,0,0,0,0,0,0,0,0,0,0,0,0,0,0,0,0,0,0,5.93,0,0,0,0
TELANGANA,Siddipet,0,0,0,0,0,0,0,0,0,0,0,0,0,0,0,0,0,0,0,0,0,0,0,4.9,0,0.16,0,0
TELANGANA,Suryapet,0,0,0,0,0,0,0,0,0,0,0,0,0,0,0,0,0,0,0,0,0,0,0,14.99,0,0,0,0
TELANGANA,Vikarabad,0,0,0,0,0,0,0,0,0,0,0,0,0,0,0,0,0,0,0,0,0,0,0,4.08,0.09,0.09,0,0
TELANGANA,Wanaparthy,0,0,0,0,0,0,0,0,0,0,0,0,0,0,0,0,0,0,0,0,0,0,0,6.02,0,0,0,0
TELANGANA,Warangal Rural,0,0,0,0,0,0,0,0,0,0,0,0,0,0,0,0,0,0,0,0,0,0,0,1.53,0.23,5.59,0,0
TELANGANA,Warangal Urban,0,0,0,0,0,0,0,0,0,0,0,0,0,0,0,0,0,0,0,0,0,0,0,0,0,0.68,0,0
TELANGANA,Yadadri Bhuvanagiri,0,0,0,0,0,0,0,0,0,0,0,0,0,0,0,0,0,0,0,0,0,0,0,0.17,0,0,0,0
TRIPURA,Dhalai,0,0,0,0,0,0,0,0,0,0,0,0,0,0,0,0,0,0,0,0,0,0,0,0,0,0,0,0
TRIPURA,Gomati,0,0,0,0,0,0,0,0,0,0,0,0,0,0,0,0,0,0,0,0,0,0,0,0,0,0,0,0
TRIPURA,Khowai,0,0,0,0,0,0,0,0,0,0,0,0,0,0,0,0,0,0,0,0,0,0,0,0,0,0.01,0,0
TRIPURA,North Tripura,0,0,0,0,0,0,0,0,0,0,0,0,0,0,0,0,0,0,0,0,0,0,0,0,0,0,0,0
TRIPURA,Sipahijala,0,0,0,0,0,0,0,0,0,0,0,0,0,0,0,0,0,0,0,0,0,0,0,0,0,0,0,0
TRIPURA,South Tripura,0,0,0,0,0,0,0,0,0,0,0,0,0,0,0,0,0,0,0,0,0,0,0,0,0,0,0,0
TRIPURA,Unokoti,0,0,0,0,0,0,0,0,0,0,0,0,0,0,0,0,0,0,0,0,0,0,0,0,0,0,0,0
TRIPURA,West Tripura,0,0,0,0,0,0,0,0,0,0,0,0,0,0,0,0,0,0,0,0,0,0,0,0,0,0.11,0,0
UTTAR PRADESH,Agra,3.56,0,0,0,0,0,0,0,0,0,0,0,0,0,0,0,0,0,0.1,0,0,0,0,0,0,0,0,0
UTTAR PRADESH,Aligarh,1.91,0.06,0,0,0,0,0,0,0,0,0,0,0,0,0,0,0,0,1.02,0,0,0,0,0,0,0,0,0
UTTAR PRADESH,Ambedkar Nagar,0,0,0,0.46,0,0,0,0,0,0,0,0,0,0,0,0,0,0,0,0,0,0,0,0,0,0,0,0
UTTAR PRADESH,Amethi,0,0,0,2.73,0,0,0,0,0,0,0,0,0,0,0,0,0,0,0,0,0,0,0,0,0,0,0,0
UTTAR PRADESH,Amroha,8.17,2.06,0,0,0,0,0,0,0,0,0,0,0,0,0,0,0,0,0,0,0,0,0,0,0,0,0,0
UTTAR PRADESH,Auraiya,0,0,0.12,1.45,0,0,0,0,0,0,0,0,0,0,0,0,0,0,0,0,0,0,0,0,0,0,0,0
UTTAR PRADESH,Azamgarh,0,0,0,0.19,0,0,0,0,0,0,0,0,0,0,0,0,0,0,0,0,0,0,0,0,0,0,0,0
UTTAR PRADESH,Baghpat,6.24,0,0,0,0,0,0,0,0,0,0,0,0,0,0,0,0,0,0,0,0,0,0,0,0,0,0,0
UTTAR PRADESH,Bahraich,0,0,0,1.16,0,0,0,0,0,0,0,0,0,0,0,0,0,0,0,0,0,0,0,0,0,0,0,0
UTTAR PRADESH,Ballia,0,0,0,0,0,0,0,0,0,0,0,0,0,0,0,0,0,0,0,0,0,0,0,0,0,0,0,0
UTTAR PRADESH,Balrampur,0,0,0,0,0,0,0,0,0,0,0,0,0,0,0,0,0,0,0,0,0,0,0,0,0,0,0,0
UTTAR PRADESH,Banda,0,0.52,0,3.75,0,0,0,0,0,0,0,0,0,0,0,0,0,0,0,0,0,0,0,0,0,0,0,0
UTTAR PRADESH,Bara Banki,0,0,0,8.86,0,0,0,0,0,0,0,0,0,0,0,0,0,0,0,0,0,0,0,0,0,0,0,0
UTTAR PRADESH,Bareilly,0.01,0.01,0,0,0,0,0,0,0,0,0,0,0,0,0,0,0,0,0,0,0,0,0,0,0,0,0,0
UTTAR PRADESH,Basti,0,0,0,0.99,0,0,0,0,0,0,0,0,0,0,0,0,0,0,0,0,0,0,0,0,0,0,0,0
UTTAR PRADESH,Bhadohi,0,0,0,0.03,0,0,0,0,0,0,0,0,0,0,0,0,0,0,0,0,0,0,0,0,0,0,0,0
UTTAR PRADESH,Bijnor,4.47,0.29,0,0,0,0,0,0,0,0,0,0,0,0,0,0,0,0,0,0,0,0,0,0,0,0,0,0
UTTAR PRADESH,Budaun,0.27,0,0,0,0,0,0,0,0,0,0,0,0,0,0,0,0,0,0,0,0,0,0,0,0,0,0,0
UTTAR PRADESH,Bulandshahr,3.79,0.24,0,0,0,0,0,0,0,0,0,0,0,0,0,0,0,0,1.44,0,0,0,0,0,0,0,0,0
UTTAR PRADESH,Chandauli,0,0,0,0,0,0,0,0,0,0,0,0,0,0,0,0,0,0,0,0,0,0,0,0,0,0,0,0
UTTAR PRADESH,Chitrakoot,0,0,0,1.69,0,0,0,0,0,0,0,0,0,0,0,0,0,0,0,0,0,0,0,0,0,0,0,0
UTTAR PRADESH,Deoria,0,0,0,0,0,0,0,0,0,0,0,0,0,0,0,0,0,0,0,0,0,0,0,0,0,0,0,0
UTTAR PRADESH,Etah,0.18,0,0,0,0,0,0,0,0,0,0,0,0,0,0,0,0,0,0.56,0,0,0,0,0,0,0,0,0
UTTAR PRADESH,Etawah,0.11,0,0,0.53,0,0,0,0,0,0,0,0,0,0,0,0,0,0,0.02,0,0,0,0,0,0,0,0,0
UTTAR PRADESH,Faizabad,0,0,0,1.91,0,0,0,0,0,0,0,0,0,0,0,0,0,0,0,0,0,0,0,0,0,0,0,0
UTTAR PRADESH,Farrukhabad,0,0,0,0,0,0,0,0,0,0,0,0,0,0,0,0,0,0,0,0,0,0,0,0,0,0,0,0
UTTAR PRADESH,Fatehpur,0,0,0.13,1.29,0,0,0,0,0,0,0,0,0,0,0,0,0,0,0.07,0,0,0,0,0,0,0,0,0
UTTAR PRADESH,Firozabad,2.23,0,0,0,0,0,0,0,0,0,0,0,0,0,0,0,0,0,0.69,0,0,0,0,0,0,0,0,0
UTTAR PRADESH,Gautam Buddha Nagar,0.47,0.22,0,0,0,0,0,0,0,0,0,0,0,0,0,0,0,0,0.28,0,0,0,0,0,0,0,0,0
UTTAR PRADESH,Ghaziabad,7.76,0.16,0,0,0,0,0,0,0,0,0,0,0,0,0,0,0,0,0,0,0,0,0,0,0,0,0,0
UTTAR PRADESH,Ghazipur,0,0,0,0,0,0,0,0,0,0,0,0,0,0,0,0,0,0,0,0,0,0,0,0,0,0,0,0
UTTAR PRADESH,Gonda,0,0,0,2.61,0,0,0,0,0,0,0,0,0,0,0,0,0,0,0,0,0,0,0,0,0,0,0,0
UTTAR PRADESH,Gorakhpur,0,0,0,0,0,0,0,0,0,0,0,0,0,0,0,0,0,0,0,0,0,0,0,0,0,0,0,0
UTTAR PRADESH,Hamirpur,0,0.29,2.16,3.16,0,0,0,0,0,0,0,0,0,0,0,0,0,0,0.25,0,0,0,0,0,0,0,0,0
UTTAR PRADESH,Hapur,5.98,0.11,0,0,0,0,0,0,0,0,0,0,0,0,0,0,0,0,0,0,0,0,0,0,0,0,0,0
UTTAR PRADESH,Hardoi,0,0,0,0.62,0,0,0,0,0,0,0,0,0,0,0,0,0,0,0,0,0,0,0,0,0,0,0,0
UTTAR PRADESH,Hathras,0,0,0,0,0,0,0,0,0,0,0,0,0,0,0,0,0,0,0,0,0,0,0,0,0,0,0,0
UTTAR PRADESH,Jalaun,0.1,0,2.26,2.45,0,0,0,0,0,0,0,0,0,0,0,0,0,0,0.17,0,0,0,0,0,0,0,0,0
UTTAR PRADESH,Jaunpur,0,0,0,0.14,0,0,0,0,0,0,0,0,0,0,0,0,0,0,0,0,0,0,0,0,0,0,0,0
UTTAR PRADESH,Jhansi,0,2.48,4.91,0.64,0,0,0,0,0,0,0,0,0,0,0,0,0,0,0.19,0,0,0,0,0,0,0,0,0
UTTAR PRADESH,Kannauj,0,0,0.24,0.36,0,0,0,0,0,0,0,0,0,0,0,0,0,0,0.09,0,0,0,0,0,0,0,0,0
UTTAR PRADESH,Kanpur Dehat,0,0,0.62,2.37,0,0,0,0,0,0,0,0,0,0,0,0,0,0,0.22,0,0,0,0,0,0,0,0,0
UTTAR PRADESH,Kanpur Nagar,0,0,0.77,3.05,0,0,0,0,0,0,0,0,0,0,0,0,0,0,0.25,0,0,0,0,0,0,0,0,0
UTTAR PRADESH,Kasganj,2.94,0,0,0,0,0,0,0,0,0,0,0,0,0,0,0,0,0,0.12,0,0,0,0,0,0,0,0,0
UTTAR PRADESH,Kaushambi,0,0,0,0.76,0,0,0,0,0,0,0,0,0,0,0,0,0,0,0,0,0,0,0,0,0,0,0,0
UTTAR PRADESH,Kheri,0,0,0,0.01,0,0,0,0,0,0,0,0,0,0,0,0,0,0,0,0,0,0,0,0,0,0,0,0
UTTAR PRADESH,Kushinagar,0,0,0,0,0,0,0,0,0,0,0,0,0,0,0,0,0,0,0,0,0,0,0,0,0,0,0,0
UTTAR PRADESH,Lalitpur,0,4.22,3.39,1.7,0,0,0,0,0,0,0,0,0,0,0,0,0,0,0.15,0.09,0,0,0.11,0.88,0,0,0,0
UTTAR PRADESH,Lucknow,0,0,0,6.37,0,0,0,0,0,0,0,0,0,0,0,0,0,0,0,0,0,0,0,0,0,0,0,0
UTTAR PRADESH,Mahoba,0,0.64,2.39,2.07,0,0,0,0,0,0,0,0,0,0,0,0,0,0,0,0,0,0,0,0,0,0,0,0
UTTAR PRADESH,Mahrajganj,0,0,0,0,0,0,0,0,0,0,0,0,0,0,0,0,0,0,0,0,0,0,0,0,0,0,0,0
UTTAR PRADESH,Mainpuri,0.11,0,0,0,0,0,0,0,0,0,0,0,0,0,0,0,0,0,0.07,0,0,0,0,0,0,0,0,0
UTTAR PRADESH,Mathura,2.15,0.04,0,0,0,0,0,0,0,0,0,0,0,0,0,0,0,0,0.29,0,0,0,0,0,0,0,0,0
UTTAR PRADESH,Mau,0,0,0,0.04,0,0,0,0,0,0,0,0,0,0,0,0,0,0,0,0,0,0,0,0,0,0,0,0
UTTAR PRADESH,Meerut,8.57,0.08,0,0,0,0,0,0,0,0,0,0,0,0,0,0,0,0,0,0,0,0,0,0,0,0,0,0
UTTAR PRADESH,Mirzapur,0,0,0,0.01,0,0,0,0,0,0,0,0,0,0,0,0,0,0,0,0,0,0,0,0,0,0,0,0
UTTAR PRADESH,Moradabad,7.92,0.03,0,0,0,0,0,0,0,0,0,0,0,0,0,0,0,0,0,0,0,0,0,0,0,0,0,0
UTTAR PRADESH,Muzaffarnagar,5.85,0,0,0,0,0,0,0,0,0,0,0,0,0,0,0,0,0,0,0,0,0,0,0,0,0,0,0
UTTAR PRADESH,Pilibhit,0,0,0,0,0,0,0,0,0,0,0,0,0,0,0,0,0,0,0,0,0,0,0,0,0,0,0,0
UTTAR PRADESH,Pratapgarh,0,0,0,0.86,0,0,0,0,0,0,0,0,0,0,0,0,0,0,0,0,0,0,0,0,0,0,0,0
UTTAR PRADESH,Prayagraj,0,0,0,0.06,0,0,0,0,0,0,0,0,0,0,0,0,0,0,0,0,0,0,0,0,0,0,0,0
UTTAR PRADESH,Rae Bareli,0,0,0,2.19,0,0,0,0,0,0,0,0,0,0,0,0,0,0,0,0,0,0,0,0,0,0,0,0
UTTAR PRADESH,Rampur,3.94,0.15,0,0,0,0,0,0,0,0,0,0,0,0,0,0,0,0,0,0.03,0,0,0,0,0,0,0,0
UTTAR PRADESH,Saharanpur,1.18,0.44,0,0.05,0,0,0,0,0,0,0,0,0,0,0,0,0,0,0,0,0,0,0,0,0,0,0,0
UTTAR PRADESH,Sambhal,2.88,0.2,0,0,0,0,0,0,0,0,0,0,0,0,0,0,0,0,0.08,0,0,0,0,0,0,0,0,0
UTTAR PRADESH,Sant Kabir Nagar,0,0,0,0,0,0,0,0,0,0,0,0,0,0,0,0,0,0,0,0,0,0,0,0,0,0,0,0
UTTAR PRADESH,Shahjahanpur,0,0,0,0,0,0,0,0,0,0,0,0,0,0,0,0,0,0,0,0,0,0,0,0,0,0,0,0
UTTAR PRADESH,Shamli,1.75,0,0,0,0,0,0,0,0,0,0,0,0,0,0,0,0,0,0,0,0,0,0,0,0,0,0,0
UTTAR PRADESH,Shrawasti,0,0,0,0,0,0,0,0,0,0,0,0,0,0,0,0,0,0,0,0,0,0,0,0,0,0,0,0
UTTAR PRADESH,Siddharthnagar,0,0,0,0,0,0,0,0,0,0,0,0,0,0,0,0,0,0,0,0,0,0,0,0,0,0,0,0
UTTAR PRADESH,Sitapur,0,0,0,1.21,0,0,0,0,0,0,0,0,0,0,0,0,0,0,0,0,0,0,0,0,0,0,0,0
UTTAR PRADESH,Sonbhadra,0,0,0,0,0,0,0,0,0,0,0,0,0,0,0,0,0,0,0,0,0,0,0,2.25,0,0,0,0
UTTAR PRADESH,Sultanpur,0,0,0,1.22,0,0,0,0,0,0,0,0,0,0,0,0,0,0,0,0,0,0,0,0,0,0,0,0
UTTAR PRADESH,Unnao,0,0,0.04,3.67,0,0,0,0,0,0,0,0,0,0,0,0,0,0,0.27,0,0,0,0,0,0,0,0,0
UTTAR PRADESH,Varanasi,0,0,0,0.07,0,0,0,0,0,0,0,0,0,0,0,0,0,0,0,0,0,0,0,0,0,0,0,0
UTTARAKHAND,"Almora
",0.2,0,0,0,0,0,0,0,0,0,0,0,0,0,0,0,0,0,0.5,3.68,0,0,0,0,0,0,0,0
UTTARAKHAND,Bageshwar,0,0,0,0.28,0,0,0,0,0,0,0,0,0,0,0,0,0,0,1.45,2.66,0,0,2.54,0.74,0,0,0,0
UTTARAKHAND,Chamoli,0,1.65,0.34,0.19,0,0,0,0,0,0,0,0,0,0,0,0,0,0,0.93,1.18,0,0,2.46,0.46,0,0,0,0
UTTARAKHAND,Champawat,0,0,0,0,0,0,0,0,0,0,0,0,0,0,0,0,0,0,0,2.45,0,0,0,0,0,0,0,0
UTTARAKHAND,Dehradun,0.54,3.18,0.17,0,0,0,0,0,0,0,0,0,0,0,0,0,0,0,0.02,0,0,0,0,0,1.14,0,0,0
UTTARAKHAND,Garhwal,0.38,0.01,0,0,0,0,0,0,0,0,0,0,0,0,0,0,0,0,0.01,0.35,0,0,0,0,0,0,0,0
UTTARAKHAND,Hardwar,2.77,0,0,0.65,0,0,0,0,0,0,0,0,0,0,0,0,0,0,0,0,0,0,0,0,0,0,0,0
UTTARAKHAND,Nainital,0.57,0.01,0,0,0,0,0,0,0,0,0,0,0,0,0,0,0,0,0.49,1.53,0,0,0,0,0,0,0,0
UTTARAKHAND,Pithoragarh,0,0,0,0.03,0,0,0,0,0,0,0,0,0,0,0,0,0,0,0.3,1.5,0,0,1.71,0.41,0,0,0,0
UTTARAKHAND,Rudraprayag,0,4.57,0,0,0,0,0,0,0,0,0,0,0,0,0,0,0,0,0.15,0,0,0,0.03,0.01,0,0,0,0
UTTARAKHAND,Tehri Garhwal,0.07,3.08,0.12,0.04,0,0,0,0,0,0,0,0,0,0,0,0,0,0,0.06,0.06,0,0,0,0,0.25,0,0,0
UTTARAKHAND,Udham Singh Nagar,0.82,0.07,0,0,0,0,0,0,0,0,0,0,0,0,0,0,0,0,0.03,0.2,0,0,0,0,0,0,0,0
UTTARAKHAND,Uttarkashi,0.02,5.94,0.53,0,0,0,0,0,0,0,0,0,0,0,0,0,0,0,0.08,0,0,0,0.45,0.03,1.47,0,0,0
WEST BENGAL,Alipurduar,0,0,0,0,0,0,0,0,0,0,0,0,0,0,0,0,0,0,0,0,0,0,0,0,0,0,0,0
WEST BENGAL,Bankura,0,0,0,0,0,0,0,0,0,0,0,0,0,0,0,0,0,0,0,0,0,0,0,3.86,0.47,0,0,0
WEST BENGAL,Birbhum,0,0,0,0,0,0,0,0,0,0,0,0,0,0,0,0,0,0,0,0,0,0,0,0.17,0,0,0,0
WEST BENGAL,Cooch Behar,0,0,0,0,0,0,0,0,0,0,0,0,0,0,0,0,0,0,0,0,0,0,0,0,0,0,0,0
WEST BENGAL,Dakshin Dinajpur,0,0,0,0,0,0,0,0,0,0,0,0,0,0,0,0,0,0,0,0,0,0,0,0,0,0,0,0
WEST BENGAL,Darjiling,0,0,0,0,0,0,0,0,0,0,0,0,0,0,0,0,0,0,0,0,0,0,0,0,0.13,0,0.29,0.58
WEST BENGAL,Hooghly,0,0,0,0,0,0,0,0,0,0,0,0,0,0,0,0,0,0,0,0,0,0,0,9.6,0.05,0,0,0
WEST BENGAL,Howrah,0,0,0,0,0,0,0,0,0,0,0,0,0,0,0,0,0,0,0,0,0,0,0,4.22,0.57,0,0,0
WEST BENGAL,Jalpaiguri,0,0,0,0,0,0,0,0,0,0,0,0,0,0,0,0,0,0,0,0,0,0,0,0,0,0,0.02,0.39
WEST BENGAL,Jhargram,0,0,0,0,0,0,0,0,0,0,0,0,0,0,0,0,0,0,0,0,0,0,0,5.94,0.88,0,0,0
WEST BENGAL,Kalimpong,0,0,0,0,0,0,0,0,0,0,0,0,0,0,0,0,0,0,0,0,0,0,0,0,1.19,0,2.01,0.65
WEST BENGAL,Kolkata,0,0,0,0,0,0,0,0,0,0,0,0,0,0,0,0,0,0,0,0,0,0,0,7.9,0.11,0,0,0
WEST BENGAL,Maldah,0,0,0,0,0,0,0,0,0,0,0,0,0,0,0,0,0,0,0,0,0,0,0,0,0,0,0,0
WEST BENGAL,Medinipur West,0,0,0,0,0,0,0,0,0,0,0,0,0,0,0,0,0,0,0,0,0,0,0,4.27,0.49,0,0,0
WEST BENGAL,Murshidabad,0,0,0,0,0,0,0,0,0,0,0,0,0,0,0,0,0,0,0,0,0,0,0,0,0,0,0,0
WEST BENGAL,Nadia,0,0,0,0,0,0,0,0,0,0,0,0,0,0,0,0,0,0,0,0,0,0,0,2.58,0,0,0,0
WEST BENGAL,North Twenty Four Pargan*,0,0,0,0,0,0,0,0,0,0,0,0,0,0,0,0,0,0,0,0,0,0,0,8.18,0.01,0,0,0
WEST BENGAL,Paschim Bardhaman,0,0,0,0,0,0,0,0,0,0,0,0,0,0,0,0,0,0,0,0,0,0,0,0.21,0,0,0,0
WEST BENGAL,Purba Bardhaman,0,0,0,0,0,0,0,0,0,0,0,0,0,0,0,0,0,0,0,0,0,0,0,3.49,0,0,0,0
WEST BENGAL,Purba Medinipur,0,0,0,0,0,0,0,0,0,0,0,0,0,0,0,0,0,0,0,0,0,0,0,0.53,0.56,0,0,0
WEST BENGAL,Puruliya,0,0,0,0,0,0,0,0,0,0,0,0,0,0,0,0,0,0,0,0,0,0,0,5.41,0.27,0,0,0
WEST BENGAL,South Twenty Four Pargana,0,0,0,0,0,0,0,0,0,0,0,0,0,0,0,0,0,0,0,0,0,0,0,3.27,0.14,0,0,0
WEST BENGAL,Uttar Dinajpur,0,0,0,0,0,0,0,0,0,0,0,0,0,0,0,0,0,0,0,0,0,0,0,0,0,0,0.01,0
